country,year,violence_index
Afghanistan,2021,1.5937573005020322
Afghanistan,2022,1.124066070663139
Afghanistan,2023,0.8590518102732714
Afghanistan,2024,0.8444356245788817
Albania,2021,0.44800924020491495
Albania,2022,0.36122932299405675
Albania,2023,0.23067830956198027
Albania,2024,0.0435466672589011
Algeria,2021,0.49205720143784737
Algeria,2022,0.49197390182360046
Algeria,2023,0.5353252774757301
Algeria,2024,0.04354407115733574
American Samoa,2021,3.0901213637458656e-07
American Samoa,2022,0.04347844811999148
Andorra,2021,1.2393515255783598e-06
Andorra,2022,0.04347992964927873
Andorra,2023,3.1419088291979276e-06
Andorra,2024,4.1866291952466096e-07
Angola,2021,0.27497176315480354
Angola,2022,0.58100036435826
Angola,2023,0.710938337717738
Angola,2024,0.49178698863048953
Anguilla,2022,7.152379086843823e-08
Anguilla,2023,1.8672031835038691e-07
Antarctica,2021,0.0
Antarctica,2022,0.0
Antarctica,2023,0.0
Antigua and Barbuda,2021,0.18696174362830434
Antigua and Barbuda,2022,0.04348534017531498
Antigua and Barbuda,2023,0.1869770197742609
Antigua and Barbuda,2024,0.14348010393244987
Argentina,2021,0.493349540651274
Argentina,2022,0.49398704179658526
Argentina,2023,0.5369919229545136
Argentina,2024,0.23092374158915976
Armenia,2021,0.44838302842015687
Armenia,2022,0.6687513207430077
Armenia,2023,0.491880017594551
Armenia,2024,0.31749517869060057
Aruba,2021,8.295781079974385e-07
Aruba,2022,7.254730691792385e-07
Aruba,2023,0.04347888182982026
Australia,2021,0.4914768705496173
Australia,2022,0.36119389353732845
Australia,2023,0.17416052313462138
Australia,2024,0.274007806629197
Austria,2021,0.36101017740181596
Austria,2022,0.36098965692446205
Austria,2023,0.448012440317863
Austria,2024,0.21743146022620502
Azerbaijan,2021,0.4917386507578906
Azerbaijan,2022,0.6229003520741597
Azerbaijan,2023,0.7607786782531686
Azerbaijan,2024,0.4043606191404694
Bahamas,2021,0.2739536104873317
Bahamas,2022,0.18695816107746593
Bahamas,2023,0.3174005052677806
Bahamas,2024,0.0434784723418454
Bahrain,2021,0.40460967211634136
Bahrain,2022,0.4915329096436504
Bahrain,2023,0.4046167672437735
Bahrain,2024,0.3174707024432053
Bailiwick of Guernsey,2021,8.103311129632864e-07
Bailiwick of Guernsey,2022,5.425042837592372e-07
Bailiwick of Guernsey,2024,2.723531352396231e-07
Bailiwick of Jersey,2021,3.72090900396472e-06
Bangladesh,2021,0.5851229252710421
Bangladesh,2022,0.762043002523442
Bangladesh,2023,0.6774836997649575
Bangladesh,2024,0.7117812060648684
Barbados,2021,0.04347891061875775
Barbados,2022,0.04347839690341147
Barbados,2023,7.877403603172689e-07
Barbados,2024,2.552673493936279e-07
Belarus,2021,0.6220610326838465
Belarus,2022,0.665453709480254
Belarus,2023,0.5348756496599238
Belarus,2024,0.23044207424305377
Belgium,2021,0.27412772503175725
Belgium,2022,0.3611603764771497
Belgium,2023,0.404688866769649
Belgium,2024,0.31753550850269885
Belize,2021,0.4486563855007061
Belize,2022,0.4051593736278075
Belize,2023,0.40499413216384106
Belize,2024,0.27406857492936865
Benin,2021,0.44871674117599814
Benin,2022,0.7549697287660835
Benin,2023,0.6687360548873252
Benin,2024,0.5797077026936576
Bermuda,2021,0.043478907478887795
Bermuda,2022,8.374481716448779e-07
Bermuda,2023,1.216393775145674e-06
Bhutan,2021,2.5037404557138582e-08
Bhutan,2022,0.10000007013735479
Bhutan,2023,0.0
Bolivia,2021,0.4050785639781205
Bolivia,2022,0.3621088682612046
Bolivia,2023,0.4490270651787003
Bolivia,2024,0.3612429572267629
Bosnia and Herzegovina,2021,0.3609032558996502
Bosnia and Herzegovina,2022,0.27397376777379023
Bosnia and Herzegovina,2023,0.27395415253144684
Bosnia and Herzegovina,2024,0.23044727725223044
Botswana,2021,0.23045192599861328
Botswana,2022,0.1870191772963807
Botswana,2023,0.2740200897799403
Botswana,2024,0.10000027141525202
Brazil,2021,0.9153388565641146
Brazil,2022,0.9574308429017748
Brazil,2023,0.9507899865184944
Brazil,2024,0.7121428005685456
British Virgin Islands,2022,1.1752084679751366e-07
Brunei,2023,8.090262319440219e-08
Bulgaria,2021,0.23057144830281004
Bulgaria,2022,0.27414854800845817
Bulgaria,2023,0.04365583605162468
Bulgaria,2024,0.1435238417092267
Burkina Faso,2021,1.0000832411794738
Burkina Faso,2022,1.0763521993633192
Burkina Faso,2023,1.008917871218256
Burkina Faso,2024,0.7828784255536385
Burundi,2021,0.7123711325741258
Burundi,2022,0.6258186012786551
Burundi,2023,0.7117683782031751
Burundi,2024,0.5792647358501118
Cambodia,2021,0.4044156675559819
Cambodia,2022,0.2740352424720417
Cambodia,2023,0.23048569812818412
Cambodia,2024,0.27392658447326296
Cameroon,2021,0.8118577489871698
Cameroon,2022,0.997081126723455
Cameroon,2023,1.0476103657371556
Cameroon,2024,0.8031693941039978
Canada,2021,0.5355268035247441
Canada,2022,0.5356733116714554
Canada,2023,0.4053704475821799
Canada,2024,0.3176933727637443
Cape Verde,2021,0.08696150161365279
Cape Verde,2022,0.13044645668595697
Cape Verde,2023,0.27392140311695573
Cape Verde,2024,0.04348116557549163
Caribbean Netherlands,2021,4.795437745797227e-08
Caribbean Netherlands,2022,5.863809080320078e-07
Caribbean Netherlands,2023,0.04347830963949331
Cayman Islands,2022,1.53812850145809e-07
Cayman Islands,2023,0.0
Central African Republic,2021,0.9910022782052098
Central African Republic,2022,0.7652956810847
Central African Republic,2023,0.9784046455264322
Central African Republic,2024,0.7119371383690157
Chad,2021,0.8015485739046618
Chad,2022,0.8503725681517769
Chad,2023,0.7127218324079893
Chad,2024,0.5367061976091677
Chile,2021,0.7099355942132661
Chile,2022,0.6234072451742568
Chile,2023,0.5795673199688391
Chile,2024,0.5785885606626423
China,2021,0.6250114278511832
China,2022,0.7109444545820345
China,2023,0.49443397335280215
China,2024,0.535444474206427
Christmas Island,2022,4.4855285037218954e-08
Colombia,2021,0.8253654903910624
Colombia,2022,0.8378475974560602
Colombia,2023,0.9645622960045435
Colombia,2024,0.6747356006895728
Comoros,2021,0.4043530977247193
Comoros,2022,0.360908910613163
Comoros,2023,0.36089949839861923
Comoros,2024,0.44786689528702606
Cook Islands,2021,4.257174325350599e-08
Cook Islands,2022,0.0
Costa Rica,2021,0.40447519931259224
Costa Rica,2022,0.40446104100111635
Costa Rica,2023,0.3610037208213708
Costa Rica,2024,0.3609571000585111
Croatia,2021,0.4478772327875101
Croatia,2022,0.08699185628603084
Croatia,2023,0.04351705400360718
Croatia,2024,9.214254207409222e-06
Cuba,2021,0.49154649600946454
Cuba,2022,0.49161488668486975
Cuba,2023,0.36110578476406363
Cuba,2024,0.36093291697240804
Curacao,2021,0.04347844681511046
Curacao,2022,0.04347886054394863
Curacao,2023,3.125597816457121e-07
Curacao,2024,6.251195632914242e-08
Cyprus,2021,0.57835182274902
Cyprus,2022,0.7088525085629004
Cyprus,2023,0.708900767816418
Cyprus,2024,0.40442538013782514
Czech Republic,2021,0.3174575423365473
Czech Republic,2022,0.30443931276320835
Czech Republic,2023,0.40443244603073214
Czech Republic,2024,0.04351352813353807
Democratic Republic of Congo,2021,1.1232939568415121
Democratic Republic of Congo,2022,1.1525942744024702
Democratic Republic of Congo,2023,1.1186804810576236
Democratic Republic of Congo,2024,1.0319727512777275
Denmark,2021,0.31766072639407616
Denmark,2022,0.3175667317365054
Denmark,2023,0.1741585183072679
Denmark,2024,0.08701409488391179
Djibouti,2021,0.23053569802600724
Djibouti,2022,0.27403413290946965
Djibouti,2023,0.27419799605208206
Djibouti,2024,0.10003498384554559
Dominica,2021,0.14348028041760774
Dominica,2022,0.04348098766312016
Dominica,2023,0.08695752763928616
Dominica,2024,8.489882131589989e-08
Dominican Republic,2021,0.3174691057028096
Dominican Republic,2022,0.44848440706157977
Dominican Republic,2023,0.6221068326006753
Dominican Republic,2024,0.4044895254498083
East Timor,2021,0.23046918805114855
East Timor,2022,0.27394986021850476
East Timor,2023,0.23045244629372305
East Timor,2024,0.043482998607103446
Ecuador,2021,0.2743472289332053
Ecuador,2022,0.6670683707936529
Ecuador,2023,0.6672345898957355
Ecuador,2024,0.5354063330087386
Egypt,2021,0.6675574584166203
Egypt,2022,0.7565686845597168
Egypt,2023,0.5356275557093508
Egypt,2024,0.2305300956416836
El Salvador,2021,0.5825515054508383
El Salvador,2022,0.45227149407772405
El Salvador,2023,0.4922371732835147
El Salvador,2024,0.31750690129015957
Equatorial Guinea,2021,0.14349482244565837
Equatorial Guinea,2022,0.08701848057147148
Equatorial Guinea,2023,1.6983842016365178e-06
Eritrea,2021,0.1434833908054048
Eritrea,2022,0.2739186335885474
Eritrea,2023,0.13044958145364188
Eritrea,2024,0.043478260869565216
Estonia,2021,0.23046016542514422
Estonia,2022,0.04348646412642542
Estonia,2023,0.043480662625413766
Estonia,2024,1.8053436676843588e-06
Ethiopia,2021,1.1215323376701418
Ethiopia,2022,1.1168541485721686
Ethiopia,2023,1.0745852752503593
Ethiopia,2024,1.0106613370937967
Falkland Islands,2021,0.0
Faroe Islands,2023,6.141096296913795e-08
Faroe Islands,2024,1.228219259382759e-07
Fiji,2021,0.304354341072443
Fiji,2022,0.3173971831630381
Fiji,2023,0.04348259959895427
Fiji,2024,0.1434796848209775
Finland,2021,0.3174377825640501
Finland,2022,0.2609151635913915
Finland,2023,0.2739489035252143
Finland,2024,0.13044892413440934
France,2021,0.4505850999374106
France,2022,0.49493473825293866
France,2023,0.539425521109745
France,2024,0.4055245357768016
French Guiana,2021,0.08697789699510701
French Guiana,2022,0.13044406300405972
French Guiana,2023,0.36092877306348536
French Guiana,2024,0.043482708678851976
French Polynesia,2021,0.043487857820909054
French Polynesia,2022,0.04348231264746263
French Polynesia,2023,0.13044403462289755
French Polynesia,2024,1.1016050229822456e-06
Gabon,2021,0.40440692648425414
Gabon,2022,0.3609053136970176
Gabon,2023,0.4913723580325391
Gabon,2024,0.27392298516285896
Gambia,2021,0.2304820814319707
Gambia,2022,0.36094235252331575
Gambia,2023,0.273953011791609
Gambia,2024,0.1000149654619414
Georgia,2021,0.4044855462064896
Georgia,2022,0.36100966874288354
Georgia,2023,0.36096890973564677
Georgia,2024,0.2304581826322388
Germany,2021,0.4490846525199931
Germany,2022,0.49280406102353225
Germany,2023,0.4494400183263937
Germany,2024,0.3615396805035397
Ghana,2021,0.4486140722813191
Ghana,2022,0.6241485254329859
Ghana,2023,0.6245150657389996
Ghana,2024,0.44870675460991827
Gibraltar,2021,2.8238440807521935e-07
Gibraltar,2022,2.823028530115153e-07
Gibraltar,2023,2.8279218339373954e-07
Greece,2021,0.6661592007200435
Greece,2022,0.8416323674672896
Greece,2023,0.6688471862633487
Greece,2024,0.6659201815916772
Greenland,2021,0.0
Greenland,2022,7.28694494195548e-08
Greenland,2023,2.2631530177869563e-08
Greenland,2024,0.0
Grenada,2021,1.0134032215863323e-06
Grenada,2022,0.0
Grenada,2023,2.5775477883660095e-07
Guadeloupe,2021,0.21743616354750636
Guadeloupe,2022,0.27393868390095905
Guadeloupe,2023,0.23044889563091459
Guadeloupe,2024,0.04348089750399724
Guam,2021,3.386655575373735e-06
Guam,2022,1.2597810690362204e-06
Guam,2023,0.043480110742297684
Guam,2024,6.946860326309656e-07
Guatemala,2021,0.6306777731091445
Guatemala,2022,0.6796143723650652
Guatemala,2023,0.6380026800884434
Guatemala,2024,0.49245123044847816
Guinea,2021,0.49165002281102055
Guinea,2022,0.5355292429147996
Guinea,2023,0.49245671142054337
Guinea,2024,0.3612917804478821
Guinea-Bissau,2021,0.2739317435242603
Guinea-Bissau,2022,0.40459570971446446
Guinea-Bissau,2023,0.4914489957307119
Guinea-Bissau,2024,0.13044023900945523
Guyana,2021,0.2739414579410925
Guyana,2022,0.4913591196214042
Guyana,2023,0.36091938882232855
Guyana,2024,0.14349475758318608
Haiti,2021,0.6789629616336497
Haiti,2022,0.695369825084062
Haiti,2023,0.6643351299009833
Haiti,2024,0.676427542882924
Honduras,2021,0.5872928900050182
Honduras,2022,0.6342768285124758
Honduras,2023,0.6331617656727405
Honduras,2024,0.40699824540763274
Hungary,2021,0.2739444633821035
Hungary,2022,0.3174828436678715
Hungary,2023,0.3609343529269956
Hungary,2024,0.3174092351256871
Iceland,2021,0.18695952528979407
Iceland,2022,0.08695965178169786
Iceland,2023,0.1869617725395744
Iceland,2024,0.04348305422765689
India,2021,0.9077870164066647
India,2022,0.876355150404127
India,2023,0.9285000113072517
India,2024,0.8975654089689911
Indonesia,2021,0.7117503667023409
Indonesia,2022,0.716295835471769
Indonesia,2023,0.7156123930084639
Indonesia,2024,0.666883147485471
Iran,2021,0.758187106717388
Iran,2022,0.6825521160090514
Iran,2023,0.846620669727098
Iran,2024,0.7567076769276074
Iraq,2021,0.9537734323214946
Iraq,2022,0.9644363590485895
Iraq,2023,0.9108128169614217
Iraq,2024,0.8026006283092408
Ireland,2021,0.1870143669516043
Ireland,2022,0.23052636837434984
Ireland,2023,0.27403712750958753
Ireland,2024,0.13048064640365062
Isle of Man,2021,7.493687028445207e-07
Isle of Man,2022,2.1530536817865102e-07
Israel,2021,0.6229536334195404
Israel,2022,0.7969037480488216
Israel,2023,0.8640364006144462
Israel,2024,0.535547284331245
Italy,2021,0.49458959676045433
Italy,2022,0.49440240774515287
Italy,2023,0.580469438757528
Italy,2024,0.3180794253201615
Ivory Coast,2021,0.5789988997777822
Ivory Coast,2022,0.4923348933882561
Ivory Coast,2023,0.44830529078883985
Ivory Coast,2024,0.3609822555402197
Jamaica,2021,0.5813016947839026
Jamaica,2022,0.5409167468418672
Jamaica,2023,0.628273960707797
Jamaica,2024,0.4492755767994856
Japan,2021,0.08774523733489947
Japan,2022,0.231728333943152
Japan,2023,0.3189617174406897
Japan,2024,0.04404064530109567
Jordan,2021,0.44825593208582304
Jordan,2022,0.44853901775376415
Jordan,2023,0.49196766291683036
Jordan,2024,0.2610694189563478
Kazakhstan,2021,0.3612005030626798
Kazakhstan,2022,0.5822204209089913
Kazakhstan,2023,0.31767740046079884
Kazakhstan,2024,0.23051098749711058
Kenya,2021,0.8458583818129995
Kenya,2022,0.8942675850502637
Kenya,2023,0.942867512146186
Kenya,2024,0.6690195838537453
Kiribati,2022,0.0
Kosovo,2021,0.4043478260869565
Kosovo,2022,0.36086956521739133
Kosovo,2023,0.49138743678607966
Kosovo,2024,0.27391498334700615
Kuwait,2021,0.13044367313007768
Kuwait,2022,0.043487809825754065
Kuwait,2023,0.043485314526247446
Kuwait,2024,0.043478260869565216
Kyrgyzstan,2021,0.5356563181471281
Kyrgyzstan,2022,0.6231533826128212
Kyrgyzstan,2023,0.4048153559559402
Kyrgyzstan,2024,0.2305296247049334
Laos,2021,2.8544272296412063e-10
Laos,2022,0.04347851205916142
Laos,2023,0.1434832749564368
Latvia,2021,0.17392463318680879
Latvia,2022,0.13044602207902248
Latvia,2023,8.653114591593613e-06
Latvia,2024,0.04348293315916482
Lebanon,2021,0.7114945213813512
Lebanon,2022,0.7977911389187832
Lebanon,2023,0.8008314852547848
Lebanon,2024,0.6264112112428405
Lesotho,2021,0.3610041661876434
Lesotho,2022,0.3610977858491009
Lesotho,2023,0.23062346680189696
Lesotho,2024,0.18697333050862167
Liberia,2021,0.31753801772761014
Liberia,2022,0.40455486462882306
Liberia,2023,0.3610518810232983
Liberia,2024,0.08699061927044033
Libya,2021,0.7103281585671226
Libya,2022,0.7982342171650766
Libya,2023,0.7970798348907664
Libya,2024,0.49177930545892123
Liechtenstein,2021,2.783066548900176e-07
Liechtenstein,2022,4.064296599690557e-07
Liechtenstein,2024,5.3255456598734506e-08
Lithuania,2021,0.21743633607724364
Lithuania,2022,0.0869883321693956
Lithuania,2023,0.14351121751547322
Lithuania,2024,0.08696724219303185
Luxembourg,2021,0.0869655636267107
Luxembourg,2022,0.0434909104269435
Luxembourg,2023,0.04349146018962793
Luxembourg,2024,4.531199339396155e-06
Madagascar,2021,0.5384128558263389
Madagascar,2022,0.40959902109711677
Madagascar,2023,0.7167162354311527
Madagascar,2024,0.5805526449882884
Malawi,2021,0.3178890429197149
Malawi,2022,0.4485637662374026
Malawi,2023,0.49219881554872635
Malawi,2024,0.36101407810464325
Malaysia,2021,0.4480737175740255
Malaysia,2022,0.31756196115550794
Malaysia,2023,0.31746608275662175
Malaysia,2024,0.36089336371897573
Maldives,2021,0.2305637757655269
Maldives,2022,0.1305600882533215
Maldives,2023,0.2741149970999628
Maldives,2024,0.230480742883291
Mali,2021,0.9448000777830717
Mali,2022,1.1290927826548804
Mali,2023,1.0341182133690408
Mali,2024,0.7710215007613561
Malta,2021,0.14349179317895305
Malta,2022,0.18697647071937543
Malta,2023,0.1869745481810812
Malta,2024,6.0371951457548555e-06
Marshall Islands,2023,0.04347864303659373
Marshall Islands,2024,1.2738900950570184e-07
Martinique,2021,0.1304694209200172
Martinique,2022,0.08696291019193556
Martinique,2023,0.23045520619863386
Martinique,2024,0.04348408744875896
Mauritania,2021,0.3609925852259984
Mauritania,2022,0.491598378535994
Mauritania,2023,0.4482863191763389
Mauritania,2024,0.36095912889221515
Mauritius,2021,0.27396439493576147
Mauritius,2022,0.2740453410801981
Mauritius,2023,0.27398889320598907
Mauritius,2024,0.27394279263048754
Mayotte,2021,0.23045996859199797
Mayotte,2022,0.44789271332207203
Mayotte,2023,0.3174233953275104
Mayotte,2024,0.23046610007937826
Mexico,2021,0.8988295918675534
Mexico,2022,0.9420057232209373
Mexico,2023,0.9301301237571878
Mexico,2024,0.7927651490767923
Micronesia,2021,0.0
Micronesia,2023,0.0
Moldova,2021,0.49133528863470777
Moldova,2022,0.6653057788881789
Moldova,2023,0.4913640626330378
Moldova,2024,0.21741251086637586
Monaco,2021,3.7357112480270028e-06
Monaco,2022,1.8571719106682727e-06
Monaco,2023,2.771322619726795e-06
Mongolia,2021,0.31745522451544017
Mongolia,2022,0.08704712868091004
Mongolia,2023,5.9443569389873677e-05
Mongolia,2024,1.7724973657775592e-05
Montenegro,2021,0.23044954966174794
Montenegro,2022,0.21742222533856648
Montenegro,2023,0.23046988613629724
Montenegro,2024,2.0241559036022835e-06
Montserrat,2022,4.122608470238942e-08
Morocco,2021,0.5799721488771438
Morocco,2022,0.6240281684171466
Morocco,2023,0.624648441629346
Morocco,2024,0.36246320067449755
Mozambique,2021,0.8090270554050198
Mozambique,2022,0.8965552902190259
Mozambique,2023,0.8439772822429614
Mozambique,2024,0.7115552126216443
Myanmar,2021,1.1734363472615221
Myanmar,2022,1.4024831584864983
Myanmar,2023,1.255438229353952
Myanmar,2024,1.0012615715492368
Namibia,2021,0.2739410851936739
Namibia,2022,0.27397577664973516
Namibia,2023,0.36093310146157787
Namibia,2024,0.2304516801100962
Nauru,2022,0.043478260869565216
Nauru,2023,0.0
Nepal,2021,0.4082923800293188
Nepal,2022,0.5394137329542507
Nepal,2023,0.49701151472451477
Nepal,2024,0.44925713868658856
Netherlands,2021,0.317589438975979
Netherlands,2022,0.40459575788459023
Netherlands,2023,0.3611151439475495
Netherlands,2024,0.13051039499957276
New Caledonia,2021,0.13043989961805763
New Caledonia,2022,0.1739260937156671
New Caledonia,2023,0.043491730789329296
New Caledonia,2024,0.04348573575815148
New Zealand,2021,0.36096057604604304
New Zealand,2022,0.21755413323259698
New Zealand,2023,0.13054316219306777
New Zealand,2024,0.04353608973024881
Nicaragua,2021,0.44837680856193474
Nicaragua,2022,0.361002354374929
Nicaragua,2023,0.40457272040222214
Nicaragua,2024,0.2305508599249353
Niger,2021,0.6364484955537023
Niger,2022,0.6801031525637711
Niger,2023,0.7694656806849979
Niger,2024,0.6737816805990084
Nigeria,2021,1.1683334463562962
Nigeria,2022,1.267748165629683
Nigeria,2023,1.1493696227355386
Nigeria,2024,0.9724303045164402
Niue,2023,0.0
North Korea,2021,0.44808640120387433
North Korea,2022,0.4485132654021815
North Korea,2023,0.23066537945790314
North Korea,2024,0.043478260869565216
North Macedonia,2021,0.2739835205506642
North Macedonia,2022,0.2739878284522392
North Macedonia,2023,0.18705458632060035
North Macedonia,2024,0.143506420283516
Northern Mariana Islands,2021,8.889501943739756e-08
Northern Mariana Islands,2023,2.4711184302322445e-08
Norway,2021,0.23046692696616916
Norway,2022,0.31749537734711997
Norway,2023,0.23048120032564332
Norway,2024,0.1304546484435532
Oman,2021,0.23047028643474654
Oman,2022,0.043478260869565216
Oman,2023,0.13043672011234406
Oman,2024,0.0
Pakistan,2021,0.8222840881740091
Pakistan,2022,0.971217833744785
Pakistan,2023,0.980637188887691
Pakistan,2024,0.8995817647066393
Palestine,2021,0.8030782022608904
Palestine,2022,0.7160931240965083
Palestine,2023,1.1407279818534957
Palestine,2024,0.9369117079222873
Panama,2021,0.3176304817772915
Panama,2022,0.40470541854751874
Panama,2023,0.44837719332166903
Panama,2024,0.3174518126593502
Papua New Guinea,2021,0.5362606769649382
Papua New Guinea,2022,0.6687492654911485
Papua New Guinea,2023,0.6272640736346606
Papua New Guinea,2024,0.492968516030039
Paraguay,2021,0.40519664527379107
Paraguay,2022,0.5358041384097828
Paraguay,2023,0.49186668994784044
Paraguay,2024,0.18705036376639952
Peru,2021,0.3620899792548429
Peru,2022,0.5373811951148044
Peru,2023,0.6687467593823594
Peru,2024,0.535373634385751
Philippines,2021,0.8083595152698992
Philippines,2022,0.8130220529628305
Philippines,2023,0.8125972431546137
Philippines,2024,0.5825364259032378
Poland,2021,0.44829085412721126
Poland,2022,0.49165370126789354
Poland,2023,0.49157268530935716
Poland,2024,0.40450725905965235
Portugal,2021,0.17412025022472605
Portugal,2022,0.17406050045684948
Portugal,2023,0.08720646798761515
Portugal,2024,0.3609617953088263
Puerto Rico,2021,0.5803367843208214
Puerto Rico,2022,0.5817181108814437
Puerto Rico,2023,0.581500426173688
Puerto Rico,2024,0.31853898921848356
Qatar,2021,0.13045172208475736
Qatar,2022,0.17392547923903964
Qatar,2023,0.08697849259173723
Qatar,2024,0.0
Republic of Congo,2021,0.2741976402070728
Republic of Congo,2022,0.40469490197806657
Republic of Congo,2023,0.3609964305151252
Republic of Congo,2024,0.0
Reunion,2021,0.23045920928815825
Reunion,2022,0.23046672499505388
Reunion,2023,0.317447624888384
Reunion,2024,9.771152959912221e-06
Romania,2021,0.360919734671157
Romania,2022,0.44789283178376726
Romania,2023,0.5348917422973658
Romania,2024,0.13048044651218949
Russia,2021,0.7096249417977077
Russia,2022,0.8419435823963047
Russia,2023,0.844506866070597
Russia,2024,0.594461060039412
Rwanda,2021,0.3611322927722498
Rwanda,2022,0.36112981510321773
Rwanda,2023,0.49142573811392576
Rwanda,2024,0.23048377729958108
Saint Kitts and Nevis,2022,0.0
Saint Kitts and Nevis,2023,0.0
Saint Lucia,2021,0.04347855980965122
Saint Lucia,2022,0.23043714860264877
Saint Lucia,2023,0.23043718416065653
Saint Lucia,2024,1.9618070574005493e-07
Saint Pierre and Miquelon,2022,0.08695698957975337
Saint Pierre and Miquelon,2023,4.027189045705222e-07
Saint Vincent and the Grenadines,2021,0.043479005630406964
Saint Vincent and the Grenadines,2022,2.478458385965608e-07
Saint Vincent and the Grenadines,2023,0.04347828729340586
Saint Vincent and the Grenadines,2024,0.10000015789060333
Saint-Barthelemy,2022,0.04347834250618399
Saint-Martin,2021,0.08696250820702656
Saint-Martin,2022,0.08695828695770677
Saint-Martin,2023,0.08695767590639197
Samoa,2021,0.2739150315460488
Samoa,2022,0.043478260869565216
Samoa,2023,0.14347857893431368
Samoa,2024,1.689820919947594e-07
San Marino,2021,5.547783208466944e-07
San Marino,2022,2.474176745121146e-06
San Marino,2023,4.4178378008475473e-07
San Marino,2024,6.626756701271321e-07
Sao Tome and Principe,2021,0.13043873811084036
Sao Tome and Principe,2022,0.2740098798898995
Sao Tome and Principe,2023,0.18696171068005862
Sao Tome and Principe,2024,0.0434824383238158
Saudi Arabia,2021,0.36128257783281725
Saudi Arabia,2022,0.44923835789664157
Saudi Arabia,2023,0.4507028752792863
Saudi Arabia,2024,0.14365681592385446
Senegal,2021,0.44820399884934514
Senegal,2022,0.6657944938205554
Senegal,2023,0.6663093390593517
Senegal,2024,0.3611670173863748
Serbia,2021,0.31749112972931803
Serbia,2022,0.4044576397763464
Serbia,2023,0.36128214276571424
Serbia,2024,0.23046071483541175
Seychelles,2023,4.0691899035128e-07
Sierra Leone,2021,0.27396325141143574
Sierra Leone,2022,0.3612744622708821
Sierra Leone,2023,0.5354031729828246
Sierra Leone,2024,0.18699071840062026
Singapore,2021,0.04347862847901486
Singapore,2022,0.08695800065865564
Singapore,2023,0.04347900514107658
Singapore,2024,3.7213575568150927e-07
Sint Maarten,2021,0.04347853636257041
Sint Maarten,2022,0.14347878853082738
Sint Maarten,2023,6.043230220468954e-08
Sint Maarten,2024,0.0
Slovakia,2021,0.31741247384037696
Slovakia,2022,0.3608864047477225
Slovakia,2023,0.2304541096092473
Slovakia,2024,0.04350758244317379
Slovenia,2021,0.1304643464823985
Slovenia,2022,0.27393494203230373
Slovenia,2023,0.31742630366263713
Slovenia,2024,0.173926372633985
Solomon Islands,2021,0.3609803361941887
Solomon Islands,2022,0.3174106488681355
Solomon Islands,2023,0.27392953634421285
Solomon Islands,2024,0.0
Somalia,2021,1.0505415013878174
Somalia,2022,1.1148089760521538
Somalia,2023,1.1840454466738286
Somalia,2024,0.9968645825536352
South Africa,2021,0.6266284743961715
South Africa,2022,0.6276146941201265
South Africa,2023,0.6280528839894978
South Africa,2024,0.36308007552601074
South Korea,2021,0.2773518178773105
South Korea,2022,0.3656934393381357
South Korea,2023,0.1789863918883363
South Korea,2024,0.23165579423543592
South Sudan,2021,0.7327675162373328
South Sudan,2022,1.0058893125503034
South Sudan,2023,0.6843812129289408
South Sudan,2024,0.5836353774566242
Spain,2021,0.4070203400808212
Spain,2022,0.45091916053201864
Spain,2023,0.3636288594031051
Spain,2024,0.27495822067499887
Sri Lanka,2021,0.4481211832940529
Sri Lanka,2022,0.4485242652058974
Sri Lanka,2023,0.6656843521723027
Sri Lanka,2024,0.49146121765707884
Sudan,2021,0.897919327592753
Sudan,2022,0.9143781804070996
Sudan,2023,1.26186548013345
Sudan,2024,0.9744299036820153
Suriname,2021,0.2739318957729833
Suriname,2022,0.31740059257247627
Suriname,2023,0.3174268742742561
Suriname,2024,0.23043598407789415
Sweden,2021,0.17417019063109535
Sweden,2022,0.4047673801178848
Sweden,2023,0.23083732066491242
Sweden,2024,0.1740125981522997
Switzerland,2021,0.2741077476295726
Switzerland,2022,0.3176369319003056
Switzerland,2023,0.21761187360603645
Switzerland,2024,0.27398909516548864
Syria,2021,1.0280670794035829
Syria,2022,1.1491909881130125
Syria,2023,1.1546029619061589
Syria,2024,0.9161979943153632
Taiwan,2021,0.27481006668605834
Taiwan,2022,0.40516949734997276
Taiwan,2023,0.1319403629327823
Taiwan,2024,0.08725477513150118
Tajikistan,2021,0.4481377710344957
Tajikistan,2022,0.4054492347503176
Tajikistan,2023,0.23053297538879539
Tanzania,2021,0.6223340366250395
Tanzania,2022,0.49199700460785334
Tanzania,2023,0.5351776889836709
Tanzania,2024,0.2739647758241056
Thailand,2021,0.7104165718417783
Thailand,2022,0.6228199709115673
Thailand,2023,0.6229581930838275
Thailand,2024,0.4481809229226601
Togo,2021,0.36093965922269533
Togo,2022,0.5794914105764271
Togo,2023,0.49279603435786745
Togo,2024,0.44799623965184365
Tokelau,2023,0.0
Tonga,2021,2.8336306883966776e-07
Tonga,2022,0.0
Trinidad and Tobago,2021,0.4501662891909538
Trinidad and Tobago,2022,0.5391759375114645
Trinidad and Tobago,2023,0.583473467086248
Trinidad and Tobago,2024,0.4492207491797271
Tunisia,2021,0.5352443619873468
Tunisia,2022,0.40470908380977266
Tunisia,2023,0.5787022792025519
Tunisia,2024,0.3609498597660308
Turkey,2021,0.7138909065153598
Turkey,2022,0.7601711732324851
Turkey,2023,0.8019939195655394
Turkey,2024,0.666543804980617
Turkmenistan,2021,0.0
Turkmenistan,2022,0.04347877238292477
Turkmenistan,2023,0.23045627157862766
Turks and Caicos Islands,2021,0.0
Turks and Caicos Islands,2022,0.0
Turks and Caicos Islands,2023,0.0
Tuvalu,2024,0.0
Uganda,2021,0.8454053952134283
Uganda,2022,0.7144270570650764
Uganda,2023,0.714453664020066
Uganda,2024,0.5358422612800788
Ukraine,2021,0.6680812452957469
Ukraine,2022,1.6318785470932453
Ukraine,2023,1.4084496947901088
Ukraine,2024,0.818893844873367
United Arab Emirates,2021,0.14348192301814577
United Arab Emirates,2022,0.40446252659357584
United Arab Emirates,2023,0.08695701698225478
United Kingdom,2021,0.49197478083321744
United Kingdom,2022,0.5355429283939823
United Kingdom,2023,0.36136633434472765
United Kingdom,2024,0.21752459288753
United States,2021,0.6260513062422024
United States,2022,0.7153446623899975
United States,2023,0.6279045722801923
United States,2024,0.49282876518816876
Uruguay,2021,0.1304945485244748
Uruguay,2022,0.3175551786316002
Uruguay,2023,0.274094812737223
Uruguay,2024,1.3760174235803954e-05
Uzbekistan,2021,0.404497049612234
Uzbekistan,2022,0.44842069328932066
Uzbekistan,2023,0.27402550060896536
Uzbekistan,2024,0.04348248631897079
Vanuatu,2021,9.889367024751219e-07
Vanuatu,2022,0.18697183046633498
Vanuatu,2023,0.1304353150001515
Vatican City,2022,1.5655717803944978e-06
Vatican City,2023,3.1223356139089596e-06
Vatican City,2024,3.1223356139089596e-06
Venezuela,2021,0.6838356122736764
Venezuela,2022,0.8559358670756959
Venezuela,2023,0.6786891222352293
Venezuela,2024,0.4944018769531876
Vietnam,2021,0.14350131163354807
Vietnam,2022,0.04348854414754766
Vietnam,2023,0.2740726208614981
Vietnam,2024,1.5161086342580007e-07
"Virgin Islands, U.S.",2021,1.5450606818729328e-07
Wallis and Futuna,2021,0.04347833904009377
Wallis and Futuna,2022,0.043478260869565216
Wallis and Futuna,2023,1.7787159393849916e-07
Yemen,2021,1.1918352387852815
Yemen,2022,1.2076937129214074
Yemen,2023,1.062604622807308
Yemen,2024,0.9376557424023869
Zambia,2021,0.4916394933590783
Zambia,2022,0.4045923868757265
Zambia,2023,0.40463612338543464
Zambia,2024,0.14360479632945963
Zimbabwe,2021,0.5786280898279241
Zimbabwe,2022,0.6223813209898368
Zimbabwe,2023,0.5789920892365
Zimbabwe,2024,0.4479896985833177
eSwatini,2021,0.4485081742106827
eSwatini,2022,0.4918587759984284
eSwatini,2023,0.4483160896198778
eSwatini,2024,0.23046760837034214
