country,year,violence_against_women
Afghanistan,2017,1.578433866816555
Afghanistan,2018,1.1162797487745493
Afghanistan,2019,0.8557561780598325
Afghanistan,2020,0.8434791612270071
Afghanistan,2021,0.4478408785430673
Afghanistan,2022,0.36086956521739133
Afghanistan,2023,0.23044957419524123
Afghanistan,2024,0.14347826086956522
Albania,2018,0.3914078889319059
Albania,2019,0.3917037206628174
Albania,2020,0.5349896909072902
Albania,2021,0.043478260869565216
Albania,2022,0.0
Albania,2023,0.14347826086956522
Albania,2024,0.0
Algeria,1997,0.14347826086956522
Algeria,1998,0.1
Algeria,2000,0.0
Algeria,2001,0.2744751237669927
Algeria,2002,0.5798583609121393
Algeria,2007,0.7100268949630146
Algeria,2008,0.4916593459031807
Algeria,2012,0.1
Algeria,2013,0.0
Algeria,2016,0.1
Algeria,2017,0.1
Algeria,2018,0.1
Algeria,2019,0.08695652173913043
Algeria,2020,0.043478260869565216
Algeria,2021,0.08697131332567601
Algeria,2022,0.043478260869565216
Algeria,2023,0.4915558047973617
Andorra,2021,0.3915410132108161
Andorra,2022,0.4348861498014712
Andorra,2023,0.13043478260869565
Andorra,2024,0.3481810850336155
Angola,1998,0.6684271655847371
Angola,1999,0.4916593459031807
Angola,2000,0.3174504706940084
Angola,2001,0.1
Angola,2010,0.1
Angola,2011,0.14347826086956522
Angola,2013,0.4913043478260869
Angola,2014,0.26097310632321036
Angola,2015,0.27391304347826084
Angola,2016,0.27391304347826084
Angola,2017,0.36086956521739133
Angola,2018,0.36086956521739133
Angola,2019,0.4478260869565217
Angola,2020,0.3173913043478261
Angola,2021,0.4916001795569984
Angola,2022,0.6227449583198815
Angola,2023,0.7606051173744548
Angola,2024,0.4043478260869565
Antigua and Barbuda,2022,0.17394262665135202
Argentina,2018,0.18695652173913044
Argentina,2019,0.3173913043478261
Argentina,2020,0.14347826086956522
Argentina,2021,0.4043478260869565
Argentina,2022,0.4913043478260869
Argentina,2023,0.4043478260869565
Argentina,2024,0.21739130434782608
Armenia,2018,0.1
Armenia,2019,0.0
Armenia,2020,0.0
Armenia,2021,0.0
Armenia,2022,0.4816481428841536
Armenia,2023,0.6567445132860603
Armenia,2024,0.570202155970206
Australia,2021,0.6102487687611983
Australia,2022,0.043478260869565216
Australia,2023,0.043478260869565216
Australia,2024,0.0
Austria,2020,0.1
Austria,2021,0.5218130883675105
Austria,2022,0.5652765576505302
Austria,2023,0.5348121918687434
Austria,2024,0.13043478260869565
Azerbaijan,2018,0.27391304347826084
Azerbaijan,2019,0.2608991483904825
Azerbaijan,2020,0.30439220084659324
Azerbaijan,2021,0.21739130434782608
Azerbaijan,2022,0.3485508746972548
Azerbaijan,2023,0.305057822241144
Azerbaijan,2024,0.3049099063756883
Bahamas,2023,0.27404616775717106
Bahrain,2016,0.3486396242165282
Bahrain,2017,0.7548659817947725
Bahrain,2018,0.668604664623284
Bahrain,2019,0.4796512787005013
Bahrain,2020,0.043478260869565216
Bahrain,2021,0.0
Bahrain,2022,0.0
Bahrain,2023,0.0
Bahrain,2024,0.0
Bailiwick of Guernsey,2021,0.0
Bailiwick of Guernsey,2024,0.30443657560623
Bangladesh,2010,0.36103227266939264
Bangladesh,2011,0.4480479607547053
Bangladesh,2012,0.36097310632321034
Bangladesh,2013,0.36086956521739133
Bangladesh,2014,0.27392783506480645
Bangladesh,2015,0.27391304347826084
Bangladesh,2016,0.23043478260869565
Bangladesh,2017,0.23044957419524123
Bangladesh,2018,0.18701568808531271
Bangladesh,2019,0.27401658458407985
Bangladesh,2020,0.1
Bangladesh,2021,0.8571999655291722
Bangladesh,2022,0.8574308429017748
Bangladesh,2023,0.859782705162521
Bangladesh,2024,0.691428082663103
Barbados,2018,0.0
Belarus,2019,0.0
Belarus,2020,0.23043478260869565
Belarus,2021,0.27394262665135205
Belarus,2022,0.14347826086956522
Belarus,2023,0.14347826086956522
Belarus,2024,0.899843595050092
Belgium,2020,0.975818971560281
Belgium,2021,0.9083223897029978
Belgium,2022,0.682762914019723
Belgium,2023,0.6121568834255772
Belgium,2024,0.5255997345231771
Belize,2018,0.711639177896482
Belize,2019,0.5792223226906796
Belize,2020,0.4043774092600477
Belize,2021,0.27392783506480645
Belize,2022,0.23043478260869565
Belize,2023,0.27391304347826084
Benin,2018,0.710976257574257
Benin,2019,0.9952286200478733
Benin,2020,1.0451855958243996
Benin,2021,0.802766927041464
Benin,2022,0.5348861498014712
Benin,2023,0.5347826086956522
Benin,2024,0.4044069924331388
Bolivia,2018,0.21739130434782608
Bolivia,2019,0.18695652173913044
Bolivia,2020,0.23043478260869565
Bolivia,2021,0.17391304347826086
Bolivia,2022,0.14347826086956522
Bolivia,2023,0.1
Bolivia,2024,0.0
Bosnia and Herzegovina,2018,0.043478260869565216
Bosnia and Herzegovina,2019,0.1
Bosnia and Herzegovina,2020,0.0
Bosnia and Herzegovina,2021,0.8906580198052912
Bosnia and Herzegovina,2022,0.6650869680977634
Bosnia and Herzegovina,2023,0.8781887123473733
Bosnia and Herzegovina,2024,0.6118610516946656
Botswana,2016,0.7013617263196346
Botswana,2020,0.7501501667590604
Brazil,2018,0.7126006310219443
Brazil,2019,0.5366167654273033
Brazil,2020,0.7088879427990055
Brazil,2021,0.6219610042329662
Brazil,2022,0.5783644106710364
Brazil,2023,0.5783052443248541
Brazil,2024,0.6217982967809649
Bulgaria,2018,0.6087548185200954
Bulgaria,2019,0.3914374721049971
Bulgaria,2020,0.5348565666283801
Bulgaria,2021,0.0
Bulgaria,2022,0.7172330986830343
Bulgaria,2023,0.7296728229678611
Bulgaria,2024,0.8554186726416102
Burkina Faso,2011,0.5725540182309521
Burkina Faso,2012,0.30434782608695654
Burkina Faso,2013,0.36089914839048254
Burkina Faso,2014,0.2608843568039369
Burkina Faso,2015,0.4478556701296129
Burkina Faso,2017,0.0
Burkina Faso,2018,0.1
Burkina Faso,2019,0.4043922008465932
Burkina Faso,2020,0.4043774092600477
Burkina Faso,2021,0.36089914839048254
Burkina Faso,2022,0.36091393997702803
Burkina Faso,2023,0.4478260869565217
Burkina Faso,2024,0.18695652173913044
Burundi,1997,0.14347826086956522
Burundi,1998,0.1
Burundi,1999,0.4913191394126325
Burundi,2000,0.4913339309991781
Burundi,2001,0.36095831473666484
Burundi,2002,0.36088435680393693
Burundi,2003,0.14347826086956522
Burundi,2005,0.14347826086956522
Burundi,2006,0.1
Burundi,2007,0.1
Burundi,2009,0.4782608695652174
Burundi,2012,0.7087104437604587
Burundi,2014,0.708769610106641
Burundi,2015,0.4043922008465932
Burundi,2016,0.31740609593437163
Burundi,2017,0.4043478260869565
Burundi,2018,0.4043478260869565
Burundi,2019,0.14347826086956522
Burundi,2020,1.1211018059884061
Burundi,2021,1.1497531091271807
Burundi,2022,1.1162057908418215
Burundi,2023,1.031207546538833
Burundi,2024,0.3173913043478261
Cambodia,2010,0.3173913043478261
Cambodia,2011,0.27391304347826084
Cambodia,2012,0.18695652173913044
Cambodia,2013,0.23047915736833238
Cambodia,2014,0.27401658458407985
Cambodia,2015,0.1741645004495356
Cambodia,2016,1.4791586545572879e-05
Cambodia,2017,0.043478260869565216
Cambodia,2018,0.043478260869565216
Cambodia,2019,0.08695652173913043
Cambodia,2020,0.1
Cambodia,2021,0.31740609593437163
Cambodia,2022,0.4481515018605243
Cambodia,2023,0.5219166294733295
Cameroon,2001,0.4044217840196844
Cameroon,2015,0.2304643657817868
Cameroon,2016,0.27394262665135205
Cameroon,2017,0.23043478260869565
Cameroon,2018,0.14347826086956522
Cameroon,2019,0.2739574182378976
Cameroon,2020,0.6658238463527164
Cameroon,2021,0.6662232191894468
Cameroon,2022,0.5350784404265637
Cameroon,2023,0.6674065461130927
Cameroon,2024,0.7562120161704197
Canada,2021,0.535137606772746
Canada,2022,0.13047915736833238
Canada,2023,0.4822250147594309
Canada,2024,0.3519233564296454
Cape Verde,2020,0.39214746825918456
Cape Verde,2021,0.21749484545364509
Cape Verde,2023,0.04349305245611079
Cape Verde,2024,0.08701568808531272
Caribbean Netherlands,2022,0.0
Central African Republic,2000,0.14347826086956522
Central African Republic,2002,0.27391304347826084
Central African Republic,2003,0.23044957419524123
Central African Republic,2006,0.14347826086956522
Central African Republic,2007,0.23044957419524123
Central African Republic,2008,0.14347826086956522
Central African Republic,2010,0.14347826086956522
Central African Republic,2011,0.1
Central African Republic,2012,1.1201641480239084
Central African Republic,2013,1.1154160487427796
Central African Republic,2014,1.0724021150682537
Central African Republic,2015,1.0097243748625346
Central African Republic,2016,0.1
Central African Republic,2017,0.1
Central African Republic,2018,0.1
Central African Republic,2019,0.4043478260869565
Central African Republic,2020,0.3173913043478261
Central African Republic,2021,0.14347826086956522
Central African Republic,2022,0.14347826086956522
Central African Republic,2023,0.31740609593437163
Central African Republic,2024,0.36086956521739133
Chad,2001,0.27391304347826084
Chad,2006,0.23043478260869565
Chad,2009,0.4478704617161584
Chad,2011,0.4915114300377249
Chad,2014,0.43485656662838007
Chad,2016,0.30439220084659324
Chad,2018,0.18695652173913044
Chad,2019,0.23043478260869565
Chad,2020,0.36089914839048254
Chad,2021,0.14347826086956522
Chad,2022,0.14347826086956522
Chad,2023,0.14347826086956522
Chad,2024,0.23043478260869565
Chile,2018,0.1
Chile,2019,0.4043774092600477
Chile,2020,0.36086956521739133
Chile,2021,0.4913339309991781
Chile,2022,0.27391304347826084
Chile,2023,0.23044957419524123
Chile,2024,0.36092873156357363
China,2018,0.27394262665135205
China,2019,0.10001479158654558
China,2020,0.4043478260869565
China,2021,0.36086956521739133
China,2022,0.36089914839048254
China,2023,0.23043478260869565
China,2024,0.4479592112354319
Colombia,2018,0.4913191394126325
Colombia,2019,0.4479444196488863
Colombia,2020,0.36086956521739133
Colombia,2021,0.44843254200489024
Colombia,2022,0.6238395357242539
Colombia,2023,0.6242093253878932
Colombia,2024,0.44862483262998265
Comoros,2020,0.1
Comoros,2021,0.1
Comoros,2022,0.1
Comoros,2023,0.6652173913043479
Comoros,2024,0.7400623047349797
Costa Rica,2018,0.567362171353456
Costa Rica,2019,0.5653357239967125
Costa Rica,2020,0.1
Costa Rica,2021,0.1
Costa Rica,2022,0.1
Costa Rica,2023,0.1
Costa Rica,2024,0.0
Croatia,2018,0.0
Croatia,2019,0.0
Croatia,2020,0.3173913043478261
Croatia,2021,0.27391304347826084
Croatia,2022,0.13043478260869565
Croatia,2023,0.043478260869565216
Croatia,2024,0.0
Cuba,2018,0.0
Cuba,2019,0.043478260869565216
Cuba,2020,0.1
Cuba,2021,0.6284693023130182
Cuba,2022,0.6762075401077086
Cuba,2023,0.6343119789985195
Cuba,2024,0.49219184301882135
Curacao,2019,0.3914966384511794
Cyprus,2018,0.435344688984384
Cyprus,2019,0.39225100936500357
Cyprus,2020,0.2612245632944851
Cyprus,2021,0.17391304347826086
Cyprus,2022,0.40452532512550343
Cyprus,2023,0.4913783057588148
Cyprus,2024,0.13043478260869565
Czech Republic,2020,0.17392783506480644
Czech Republic,2021,0.39131913941263247
Czech Republic,2022,0.2608843568039369
Czech Republic,2023,0.14347826086956522
Czech Republic,2024,0.5738260946738714
Democratic Republic of the Congo,1997,0.6873308131899794
Democratic Republic of the Congo,1998,0.5555526972779622
Democratic Republic of the Congo,1999,0.6725688098174976
Democratic Republic of the Congo,2000,0.5857454123572773
Democratic Republic of the Congo,2001,0.6320044914974101
Democratic Republic of the Congo,2002,0.6313092869297682
Democratic Republic of the Congo,2003,0.40653698089570134
Democratic Republic of the Congo,2004,0.27391304347826084
Democratic Republic of the Congo,2005,0.3173913043478261
Democratic Republic of the Congo,2006,0.36086956521739133
Democratic Republic of the Congo,2007,0.3173913043478261
Democratic Republic of the Congo,2008,0.18695652173913044
Democratic Republic of the Congo,2009,0.18695652173913044
Democratic Republic of the Congo,2010,0.18695652173913044
Democratic Republic of the Congo,2011,0.14347826086956522
Democratic Republic of the Congo,2012,0.8933473874842598
Democratic Republic of the Congo,2013,0.8525759869525343
Democratic Republic of the Congo,2014,0.9005360985454083
Democratic Republic of the Congo,2015,0.8877709593565789
Democratic Republic of the Congo,2016,0.7099677286168323
Democratic Republic of the Congo,2017,0.7126302141950355
Democratic Republic of the Congo,2018,0.7119054264543023
Democratic Republic of the Congo,2019,0.6658386379392619
Democratic Republic of the Congo,2020,0.7547180659293168
Democratic Republic of the Congo,2021,0.676118790588435
Democratic Republic of the Congo,2022,0.8422958343033612
Democratic Republic of the Congo,2023,0.7553541041507764
Democratic Republic of the Congo,2024,0.9471945505222716
Denmark,2020,0.8549157586990607
Denmark,2021,0.8025329627290606
Denmark,2022,0.7002079825690799
Denmark,2023,0.08695652173913043
Denmark,2024,0.13043478260869565
Djibouti,2013,0.17391304347826086
Djibouti,2021,0.13043478260869565
Dominica,2023,0.0
Dominican Republic,2018,0.0
Dominican Republic,2019,0.5220053789926029
Dominican Republic,2020,0.696155087855593
Dominican Republic,2021,0.7613621893606047
Dominican Republic,2022,0.5350044824938358
Dominican Republic,2023,0.4913191394126325
Dominican Republic,2024,0.4913191394126325
East Timor,2020,0.5782608695652174
Ecuador,2018,0.3173913043478261
Ecuador,2019,0.5786454508154023
Ecuador,2020,0.49196996922063774
Ecuador,2021,0.34813671027397874
Ecuador,2022,0.36092873156357363
Ecuador,2023,0.5810564794223307
Ecuador,2024,0.5404034115829699
Egypt,2008,0.6277445145722852
Egypt,2010,0.4491573297456233
Egypt,2011,0.18695652173913044
Egypt,2012,0.23044957419524123
Egypt,2013,0.3173913043478261
Egypt,2014,0.14347826086956522
Egypt,2015,0.4479592112354319
Egypt,2016,0.4480331691681597
Egypt,2017,0.4914818468646338
Egypt,2018,0.36091393997702803
Egypt,2019,0.36091393997702803
Egypt,2020,0.5816629344706992
Egypt,2021,0.31742088752091724
Egypt,2022,0.23043478260869565
Egypt,2023,0.7454316506510227
Egypt,2024,0.7929775978206205
El Salvador,2018,0.9411004168654956
El Salvador,2019,0.6685898730367384
El Salvador,2020,0.1
El Salvador,2021,0.4043478260869565
El Salvador,2022,0.36086956521739133
El Salvador,2023,0.4913783057588148
El Salvador,2024,0.27391304347826084
Equatorial Guinea,1997,0.23043478260869565
Equatorial Guinea,2006,0.14347826086956522
Equatorial Guinea,2020,0.14347826086956522
Equatorial Guinea,2023,0.043478260869565216
Eritrea,2000,0.43525593946511054
Eritrea,2001,0.6227449583198815
Eritrea,2009,0.4043774092600477
Eritrea,2020,0.23043478260869565
Eritrea,2021,0.1
Estonia,2020,0.043478260869565216
Estonia,2022,0.043478260869565216
Estonia,2023,0.17391304347826086
Ethiopia,1998,0.13043478260869565
Ethiopia,2002,0.1
Ethiopia,2008,0.14347826086956522
Ethiopia,2009,0.7096275221262841
Ethiopia,2010,0.7964361279999588
Ethiopia,2011,0.7993056957897999
Ethiopia,2012,0.6257624419751784
Ethiopia,2013,0.36098789790975594
Ethiopia,2015,0.36107664742902934
Ethiopia,2016,0.23061228164724254
Ethiopia,2017,0.18697131332567601
Ethiopia,2018,0.3174948454536451
Ethiopia,2019,0.40451053353895783
Ethiopia,2020,0.36100268949630154
Ethiopia,2021,0.1869861049122216
Ethiopia,2022,0.710219185588107
Ethiopia,2023,0.7981075772796086
Ethiopia,2024,0.796983416702145
Fiji,2021,0.39173330383590854
Fiji,2024,0.0
Finland,2020,0.1
Finland,2021,0.0
Finland,2022,0.21739130434782608
Finland,2023,0.08695652173913043
France,2020,0.14347826086956522
France,2021,0.18695652173913044
France,2022,0.08695652173913043
France,2023,0.14347826086956522
France,2024,0.043478260869565216
French Guiana,2018,0.0
French Guiana,2020,0.43830300629349855
French Guiana,2021,0.3093917570989969
French Polynesia,2021,0.6163133192448831
French Polynesia,2022,0.48045002437396217
Gabon,2001,0.3178202603576477
Gabon,2018,0.44841775041834464
Gabon,2021,0.49208830191300224
Gabon,2022,0.36098789790975594
Gabon,2023,0.34798879440852304
Gambia,2000,0.3174504706940084
Gambia,2001,0.21739130434782608
Gambia,2002,0.36086956521739133
Gambia,2003,0.13043478260869565
Gambia,2019,0.13043478260869565
Gambia,2020,0.27391304347826084
Gambia,2021,0.13043478260869565
Georgia,2018,0.9443841490786128
Georgia,2019,1.0284532245015556
Georgia,2020,0.9334648712681791
Georgia,2021,0.6708261036774457
Georgia,2022,0.14347826086956522
Georgia,2023,0.08695652173913043
Germany,2020,0.18695652173913044
Germany,2021,0.1
Germany,2022,0.14347826086956522
Germany,2023,0.1
Germany,2024,0.13043478260869565
Ghana,2003,0.18695652173913044
Ghana,2009,0.23043478260869565
Ghana,2010,0.14347826086956522
Ghana,2012,0.36088435680393693
Ghana,2013,0.4913930973453604
Ghana,2014,0.3479592112354319
Ghana,2016,0.36088435680393693
Ghana,2017,0.27392783506480645
Ghana,2018,0.2739574182378976
Ghana,2019,0.27394262665135205
Ghana,2020,0.27392783506480645
Ghana,2021,0.23044957419524123
Ghana,2022,0.4478704617161584
Ghana,2023,0.3173913043478261
Ghana,2024,0.23043478260869565
Greece,2018,0.8784998501547971
Greece,2019,0.9106863424779638
Greece,2020,0.9018409737237111
Greece,2021,0.7844343632993727
Greece,2022,0.1
Greece,2023,0.1
Greece,2024,0.4913043478260869
Greenland,2024,0.5652173913043479
Guadeloupe,2018,0.39131913941263247
Guadeloupe,2019,0.21739130434782608
Guam,2021,0.0
Guam,2022,0.0
Guatemala,2018,0.1
Guatemala,2019,0.3173913043478261
Guatemala,2020,0.18695652173913044
Guatemala,2021,0.1
Guatemala,2022,0.1
Guatemala,2023,0.23043478260869565
Guatemala,2024,0.3173913043478261
Guinea,1998,0.13044957419524122
Guinea,2000,0.1
Guinea,2002,0.1
Guinea,2006,0.5788081582674036
Guinea,2007,0.5225674592813346
Guinea,2009,0.6223012107235143
Guinea,2010,0.36115060536175725
Guinea,2012,0.8088018943520577
Guinea,2014,0.8962465384471922
Guinea,2015,0.8436270770924628
Guinea,2016,0.6114468872713896
Guinea,2017,1.0580601927536661
Guinea,2018,1.3876224003786648
Guinea,2019,1.2453749281321829
Guinea,2020,0.9974563616041282
Guinea,2021,0.27392783506480645
Guinea,2022,0.2739574182378976
Guinea,2023,0.36091393997702803
Guinea,2024,0.23044957419524123
Guinea-Bissau,2018,0.043478260869565216
Guinea-Bissau,2020,0.1
Guinea-Bissau,2021,0.40443657560623003
Guinea-Bissau,2022,0.5350044824938358
Guinea-Bissau,2023,0.4914522636915426
Guyana,2018,0.4478556701296129
Guyana,2019,0.21740609593437166
Guyana,2022,0.4043478260869565
Guyana,2023,0.26086956521739135
Guyana,2024,0.13043478260869565
Haiti,2018,0.23043478260869565
Haiti,2019,0.27391304347826084
Haiti,2020,0.14347826086956522
Haiti,2021,0.14347826086956522
Haiti,2022,0.36088435680393693
Haiti,2023,0.3173913043478261
Haiti,2024,0.23043478260869565
Honduras,2018,0.14347826086956522
Honduras,2019,0.44828462613943454
Honduras,2020,0.36097310632321034
Honduras,2021,0.40452532512550343
Honduras,2022,0.23052353212796908
Honduras,2023,0.6363828011148998
Honduras,2024,0.679861061984465
Hungary,2020,0.6691694459843415
Hungary,2021,0.67366338722187
Hungary,2022,1.0638642826916571
Hungary,2023,1.2615832914238383
Iceland,2020,1.042795275438635
Iceland,2021,0.9705060909180945
Iceland,2022,0.0
Iceland,2023,0.34804796075470534
Iceland,2024,0.34835858407216236
India,2016,0.23061228164724254
India,2017,0.14347826086956522
India,2018,0.27391304347826084
India,2019,0.27391304347826084
India,2020,0.18695652173913044
India,2021,0.14347826086956522
India,2022,0.1
India,2023,0.1
India,2024,0.23043478260869565
Indonesia,2015,0.31742088752091724
Indonesia,2016,0.13043478260869565
Indonesia,2017,0.23043478260869565
Indonesia,2018,0.2304643657817868
Indonesia,2019,0.14347826086956522
Indonesia,2020,0.23043478260869565
Indonesia,2021,0.1
Indonesia,2022,0.7109318828146203
Indonesia,2023,0.9523863973997677
Indonesia,2024,0.9605957279325607
Iran,2016,0.8933917622438966
Iran,2017,0.7003558984345356
Iran,2018,0.7119941759735758
Iran,2019,1.1303414026797212
Iran,2020,0.9301758655329023
Iran,2021,0.31743567910746284
Iran,2022,0.4043774092600477
Iran,2023,0.4479296280623407
Iran,2024,0.3173913043478261
Iraq,2016,0.5361730178309361
Iraq,2017,0.668575081450193
Iraq,2018,0.6269753520719153
Iraq,2019,0.4928130896537354
Iraq,2020,0.40480636526986935
Iraq,2021,0.5353003142247472
Iraq,2022,0.4914522636915426
Iraq,2023,0.18695652173913044
Iraq,2024,0.36119498012139395
Ireland,2020,0.5354926048498397
Ireland,2021,0.5663859266414482
Ireland,2022,0.4349305245611079
Ireland,2023,0.70602107608149
Ireland,2024,0.7090829344964237
Israel,2016,0.8082989804095082
Israel,2017,0.5812487700474231
Israel,2018,0.4479592112354319
Israel,2019,0.4913339309991781
Israel,2020,0.4913487225857236
Israel,2021,0.4043478260869565
Israel,2022,0.27391304347826084
Israel,2023,0.27391304347826084
Israel,2024,0.08695652173913043
Italy,2020,0.36086956521739133
Italy,2021,0.580109817883414
Italy,2022,0.5813671027397878
Italy,2023,0.5811304373550585
Italy,2024,0.3184119238194706
Ivory Coast,1999,0.13043478260869565
Ivory Coast,2000,0.27391304347826084
Ivory Coast,2001,0.18695652173913044
Ivory Coast,2003,0.0
Ivory Coast,2004,0.2740609593437166
Ivory Coast,2010,0.40462886623132244
Ivory Coast,2011,0.36095831473666484
Ivory Coast,2012,0.1
Ivory Coast,2013,0.13043478260869565
Ivory Coast,2014,0.23043478260869565
Ivory Coast,2015,0.21739130434782608
Ivory Coast,2016,0.0
Ivory Coast,2017,0.26086956521739135
Ivory Coast,2018,0.34782608695652173
Ivory Coast,2019,0.4347826086956522
Ivory Coast,2020,0.23043478260869565
Ivory Coast,2021,0.7089323175586423
Ivory Coast,2022,0.8408166756488039
Ivory Coast,2023,0.8428135398324563
Ivory Coast,2024,0.593303913082065
Jamaica,2018,0.36112102218866615
Jamaica,2019,0.36110623060212055
Jamaica,2020,0.4914078889319059
Jamaica,2021,0.23047915736833238
Jamaica,2022,0.1
Jamaica,2023,0.1
Jamaica,2024,0.14347826086956522
Japan,2018,0.13043478260869565
Japan,2019,0.13043478260869565
Japan,2020,0.0
Japan,2021,0.08695652173913043
Japan,2022,0.0
Japan,2023,0.043478260869565216
Japan,2024,0.0
Jordan,2017,0.043478260869565216
Jordan,2018,0.0
Jordan,2019,0.043478260869565216
Jordan,2020,0.08695652173913043
Jordan,2021,0.08695652173913043
Jordan,2022,0.08695652173913043
Jordan,2023,0.17391304347826086
Jordan,2024,0.043478260869565216
Kazakhstan,2018,0.14347826086956522
Kazakhstan,2019,0.1
Kazakhstan,2020,0.1
Kazakhstan,2021,0.1
Kazakhstan,2022,0.1
Kazakhstan,2023,0.1
Kazakhstan,2024,0.23043478260869565
Kenya,1997,0.27398700141098875
Kenya,1999,0.18695652173913044
Kenya,2000,0.14347826086956522
Kenya,2001,0.36116539694830285
Kenya,2002,0.4491425381590777
Kenya,2003,0.45068086315981726
Kenya,2004,0.14365575990811208
Kenya,2005,0.4480331691681597
Kenya,2006,0.6655428062083505
Kenya,2007,0.6659273874585354
Kenya,2008,0.36106185584248385
Kenya,2009,0.31740609593437163
Kenya,2010,0.4043478260869565
Kenya,2011,0.36113581377521164
Kenya,2012,0.23043478260869565
Kenya,2013,0.1
Kenya,2014,0.27392783506480645
Kenya,2015,0.36122456329448516
Kenya,2016,0.5352559394651105
Kenya,2017,0.1869861049122216
Kenya,2018,0.14347826086956522
Kenya,2019,0.18695652173913044
Kenya,2020,0.14347826086956522
Kenya,2021,0.1
Kenya,2022,0.14347826086956522
Kenya,2023,0.14347826086956522
Kenya,2024,0.1
Kosovo,2018,0.1
Kosovo,2019,0.3173913043478261
Kosovo,2020,0.26086956521739135
Kosovo,2021,0.13043478260869565
Kosovo,2022,0.14347826086956522
Kosovo,2023,0.23043478260869565
Kosovo,2024,0.17391304347826086
Kuwait,2021,0.21739130434782608
Kuwait,2022,0.17391304347826086
Kyrgyzstan,2018,0.2609583147366648
Kyrgyzstan,2019,0.31740609593437163
Kyrgyzstan,2020,0.27392783506480645
Kyrgyzstan,2021,0.1
Kyrgyzstan,2022,1.0476557907775101
Kyrgyzstan,2023,1.1094994141245504
Kyrgyzstan,2024,1.1802681521706977
Laos,2011,0.9957463255769683
Latvia,2020,0.5253334859653568
Latvia,2021,0.5259251494271797
Latvia,2022,0.5262801475042734
Latvia,2023,0.2625410144970411
Lebanon,2016,0.27391304347826084
Lebanon,2017,0.36086956521739133
Lebanon,2018,0.27391304347826084
Lebanon,2019,0.23043478260869565
Lebanon,2020,0.7326284392046499
Lebanon,2021,1.0057454380817756
Lebanon,2022,0.6842541631885002
Lebanon,2023,0.4836006323081692
Lebanon,2024,0.30440699243313885
Lesotho,2012,0.4478260869565217
Lesotho,2015,0.36086956521739133
Lesotho,2019,0.27391304347826084
Lesotho,2020,0.447885253302704
Lesotho,2022,0.3480035859950686
Lesotho,2023,0.6653209324101669
Liberia,1999,0.4913339309991781
Liberia,2001,0.8973411158515645
Liberia,2003,0.913153321868782
Liberia,2006,1.253013174801825
Liberia,2010,0.9718077505341048
Liberia,2011,0.27392783506480645
Liberia,2014,0.3173913043478261
Liberia,2015,0.21742088752091723
Liberia,2016,0.23043478260869565
Liberia,2017,0.17391304347826086
Liberia,2018,0.4043478260869565
Liberia,2019,0.23043478260869565
Liberia,2020,0.27391304347826084
Liberia,2021,0.27391304347826084
Liberia,2022,0.31742088752091724
Liberia,2023,0.3173913043478261
Liberia,2024,0.17391304347826086
Libya,2009,0.9253147070815685
Libya,2011,1.1445464706631392
Libya,2012,1.1493537362904502
Libya,2013,0.9144697730713379
Libya,2014,0.27391304347826084
Libya,2015,0.4043478260869565
Libya,2016,0.23043478260869565
Libya,2017,0.18695652173913044
Libya,2018,0.44812191868743323
Libya,2019,0.4053980287316922
Libya,2020,0.23052353212796908
Libya,2021,0.6222716275504232
Libya,2022,0.4918812197013642
Libya,2023,0.5350784404265637
Libya,2024,0.27394262665135205
Liechtenstein,2024,0.609390856741555
Lithuania,2020,0.5223751686562422
Lithuania,2021,0.5225822508678802
Lithuania,2022,0.3480775439277965
Lithuania,2023,0.26091393997702805
Lithuania,2024,0.4794589880754088
Luxembourg,2020,0.3927835064806442
Luxembourg,2021,0.34798879440852304
Luxembourg,2022,0.0
Luxembourg,2023,0.0
Luxembourg,2024,0.0
Madagascar,2014,0.45003003335181213
Madagascar,2015,0.5388946697553215
Madagascar,2016,0.5831864678848931
Madagascar,2017,0.4491425381590777
Madagascar,2018,0.5348861498014712
Madagascar,2019,0.4043626176735021
Madagascar,2020,0.5783939938441276
Madagascar,2021,0.36086956521739133
Madagascar,2022,0.7112693882328427
Madagascar,2023,0.7553984789104131
Madagascar,2024,0.7978413287217883
Malawi,2008,0.6654244735159859
Malawi,2012,0.1
Malawi,2013,0.14347826086956522
Malawi,2014,0.13044957419524122
Malawi,2015,0.1
Malawi,2016,0.1
Malawi,2017,0.1
Malawi,2019,0.1
Malawi,2020,0.8449435282950187
Malawi,2021,0.714064998089956
Malawi,2022,0.7141241644361384
Malawi,2023,0.53575885340766
Malawi,2024,0.6666078004396317
Malaysia,2018,1.6
Malaysia,2019,1.3868448774163344
Malaysia,2020,0.7126361308296537
Malaysia,2021,0.14347826086956522
Malaysia,2022,0.30439220084659324
Malaysia,2023,0.08695652173913043
Malaysia,2024,0.3913635141722692
Maldives,2020,0.5347974002821978
Maldives,2021,0.36088435680393693
Maldives,2022,0.21739130434782608
Maldives,2023,0.5229668321180652
Mali,2012,0.7102339771746526
Mali,2013,0.6227153751467904
Mali,2014,0.4914078889319059
Mali,2015,0.13043478260869565
Mali,2016,0.31740609593437163
Mali,2017,0.27392783506480645
Mali,2018,0.1
Mali,2019,0.4044069924331388
Mali,2020,0.44825504296634333
Mali,2021,0.2739574182378976
Mali,2022,0.14347826086956522
Mali,2023,0.1
Mali,2024,0.18697131332567601
Malta,2020,0.13043478260869565
Malta,2021,0.0
Malta,2022,0.0
Malta,2023,0.0
Malta,2024,0.5789291920320939
Martinique,2019,0.7513630768557974
Martinique,2022,0.5744917160684221
Martinique,2023,0.4934195447021038
Mauritania,2005,0.14347826086956522
Mauritania,2011,0.043478260869565216
Mauritania,2012,0.1740609593437166
Mauritania,2013,0.0
Mauritania,2014,0.0
Mauritania,2015,0.14347826086956522
Mauritania,2017,0.043478260869565216
Mauritania,2018,0.0
Mauritania,2019,1.0907052242597455
Mauritania,2020,1.1059521344259384
Mauritania,2021,0.9608942607357979
Mauritania,2022,0.8368848147000073
Mauritania,2023,0.3914966384511794
Mauritania,2024,0.3045253251255034
Mauritius,2020,0.30456969988514015
Mauritius,2021,0.0435965935619298
Mauritius,2022,0.5785567012961289
Mauritius,2023,0.5222272527907865
Mauritius,2024,0.47885253302704034
Mayotte,2021,0.34797400282197744
Mayotte,2023,0.3484769167645269
Mayotte,2024,0.39179247018209085
Mexico,2018,0.44829941772598003
Mexico,2019,0.2304643657817868
Mexico,2020,
Mexico,2021,
Mexico,2022,
Mexico,2023,
Mexico,2024,
Moldova,2018,
Moldova,2019,
Moldova,2020,
Moldova,2021,
Moldova,2022,
Moldova,2023,
Moldova,2024,
Mongolia,2018,
Mongolia,2019,
Mongolia,2020,
Mongolia,2021,
Mongolia,2022,
Mongolia,2023,
Mongolia,2024,
Montenegro,2018,
Montenegro,2019,
Montenegro,2020,
Montenegro,2021,
Montenegro,2022,
Montenegro,2023,
Montenegro,2024,
Morocco,2011,
Morocco,2012,
Morocco,2013,
Morocco,2014,
Morocco,2015,
Morocco,2016,
Morocco,2017,
Morocco,2018,
Morocco,2019,
Morocco,2020,
Morocco,2021,
Morocco,2022,
Morocco,2023,
Morocco,2024,
Mozambique,2010,
Mozambique,2011,
Mozambique,2012,
Mozambique,2013,
Mozambique,2014,
Mozambique,2017,
Mozambique,2018,
Mozambique,2019,
Mozambique,2020,
Mozambique,2021,
Mozambique,2022,
Mozambique,2023,
Mozambique,2024,
Myanmar,2010,
Myanmar,2011,
Myanmar,2012,
Myanmar,2013,
Myanmar,2014,
Myanmar,2015,
Myanmar,2016,
Myanmar,2017,
Myanmar,2018,
Myanmar,2019,
Myanmar,2020,
Myanmar,2021,
Myanmar,2022,
Myanmar,2023,
Myanmar,2024,
Namibia,1998,
Namibia,2000,
Namibia,2001,
Namibia,2003,
Namibia,2008,
Namibia,2011,
Namibia,2012,
Namibia,2013,
Namibia,2015,
Namibia,2018,
Namibia,2019,
Namibia,2020,
Namibia,2021,
Namibia,2022,
Namibia,2023,
Nepal,2010,
Nepal,2011,
Nepal,2012,
Nepal,2013,
Nepal,2014,
Nepal,2015,
Nepal,2016,
Nepal,2017,
Nepal,2018,
Nepal,2019,
Nepal,2020,
Nepal,2021,
Nepal,2022,
Nepal,2023,
Nepal,2024,
Netherlands,2020,
Netherlands,2021,
Netherlands,2022,
Netherlands,2023,
Netherlands,2024,
New Caledonia,2021,
New Caledonia,2022,
New Caledonia,2023,
New Caledonia,2024,
New Zealand,2021,
New Zealand,2022,
New Zealand,2023,
New Zealand,2024,
Nicaragua,2018,
Nicaragua,2019,
Nicaragua,2020,
Nicaragua,2021,
Nicaragua,2022,
Nicaragua,2023,
Nicaragua,2024,
Niger,1997,
Niger,2009,
Niger,2013,
Niger,2017,
Niger,2018,
Niger,2019,
Niger,2020,
Niger,2021,
Niger,2022,
Niger,2023,
Niger,2024,
Nigeria,1997,
Nigeria,1999,
Nigeria,2000,
Nigeria,2001,
Nigeria,2002,
Nigeria,2003,
Nigeria,2004,
Nigeria,2005,
Nigeria,2006,
Nigeria,2007,
Nigeria,2009,
Nigeria,2010,
Nigeria,2011,
Nigeria,2012,
Nigeria,2013,
Nigeria,2014,
Nigeria,2015,
Nigeria,2016,
Nigeria,2017,
Nigeria,2018,
Nigeria,2019,
Nigeria,2020,
Nigeria,2021,
Nigeria,2022,
Nigeria,2023,
Nigeria,2024,
North Korea,2020,
North Korea,2021,
North Korea,2022,
North Korea,2023,
North Macedonia,2019,
North Macedonia,2020,
North Macedonia,2021,
North Macedonia,2022,
North Macedonia,2023,
North Macedonia,2024,
Norway,2020,
Norway,2021,
Norway,2022,
Norway,2023,
Norway,2024,
Pakistan,2010,
Pakistan,2011,
Pakistan,2012,
Pakistan,2013,
Pakistan,2014,
Pakistan,2015,
Pakistan,2016,
Pakistan,2017,
Pakistan,2018,
Pakistan,2019,
Pakistan,2020,
Pakistan,2021,
Pakistan,2022,
Pakistan,2023,
Pakistan,2024,
Palestine,2016,
Palestine,2017,
Palestine,2018,
Palestine,2019,
Palestine,2020,
Palestine,2021,
Palestine,2022,
Palestine,2023,
Palestine,2024,
Panama,2018,
Panama,2019,
Panama,2020,
Panama,2021,
Panama,2022,
Panama,2023,
Panama,2024,
Papua New Guinea,2021,
Papua New Guinea,2022,
Papua New Guinea,2023,
Papua New Guinea,2024,
Paraguay,2018,
Paraguay,2019,
Paraguay,2020,
Paraguay,2021,
Paraguay,2022,
Paraguay,2023,
Paraguay,2024,
Peru,2018,
Peru,2019,
Peru,2020,
Peru,2021,
Peru,2022,
Peru,2023,
Peru,2024,
Philippines,2016,
Philippines,2017,
Philippines,2018,
Philippines,2019,
Philippines,2020,
Philippines,2021,
Philippines,2022,
Philippines,2023,
Philippines,2024,
Poland,2020,
Poland,2021,
Poland,2022,
Poland,2023,
Poland,2024,
Portugal,2020,
Portugal,2021,
Portugal,2022,
Portugal,2023,
Portugal,2024,
Puerto Rico,2018,
Puerto Rico,2019,
Puerto Rico,2020,
Puerto Rico,2021,
Puerto Rico,2022,
Puerto Rico,2023,
Puerto Rico,2024,
Qatar,2022,
Republic of Congo,2005,
Republic of Congo,2014,
Republic of Congo,2015,
Republic of Congo,2017,
Republic of Congo,2019,
Republic of Congo,2020,
Republic of Congo,2021,
Republic of Congo,2022,
Republic of Congo,2023,
Reunion,2021,
Reunion,2022,
Reunion,2023,
Romania,2018,
Romania,2019,
Romania,2020,
Romania,2021,
Romania,2022,
Romania,2023,
Romania,2024,
Russia,2018,
Russia,2019,
Russia,2020,
Russia,2021,
Russia,2022,
Russia,2023,
Russia,2024,
Rwanda,1997,
Rwanda,1998,
Rwanda,2000,
Rwanda,2008,
Rwanda,2012,
Rwanda,2014,
Rwanda,2016,
Rwanda,2017,
Rwanda,2018,
Rwanda,2019,
Rwanda,2020,
Rwanda,2021,
Saint-Martin,2021,
Samoa,2021,
San Marino,2022,
Sao Tome and Principe,2021,
Sao Tome and Principe,2023,
Saudi Arabia,2018,
Saudi Arabia,2022,
Senegal,2000,
Senegal,2006,
Senegal,2013,
Senegal,2014,
Senegal,2015,
Senegal,2016,
Senegal,2017,
Senegal,2018,
Senegal,2019,
Senegal,2020,
Senegal,2021,
Senegal,2022,
Senegal,2023,
Serbia,2018,
Serbia,2019,
Serbia,2020,
Serbia,2021,
Serbia,2022,
Serbia,2023,
Serbia,2024,
Sierra Leone,1997,
Sierra Leone,1999,
Sierra Leone,2000,
Sierra Leone,2009,
Sierra Leone,2013,
Sierra Leone,2015,
Sierra Leone,2017,
Sierra Leone,2018,
Sierra Leone,2019,
Sierra Leone,2020,
Sierra Leone,2021,
Sierra Leone,2022,
Sierra Leone,2023,
Sint Maarten,2022,
Slovakia,2020,
Slovakia,2021,
Slovakia,2022,
Slovakia,2023,
Slovakia,2024,
Slovenia,2020,
Slovenia,2021,
Slovenia,2022,
Slovenia,2023,
Slovenia,2024,
Solomon Islands,2021,
Somalia,1999,
Somalia,2001,
Somalia,2002,
Somalia,2004,
Somalia,2005,
Somalia,2006,
Somalia,2007,
Somalia,2008,
Somalia,2009,
Somalia,2010,
Somalia,2011,
Somalia,2012,
Somalia,2013,
Somalia,2014,
Somalia,2015,
Somalia,2016,
Somalia,2017,
Somalia,2018,
Somalia,2019,
Somalia,2020,
Somalia,2021,
Somalia,2022,
Somalia,2023,
Somalia,2024,
South Africa,1998,
South Africa,1999,
South Africa,2001,
South Africa,2002,
South Africa,2003,
South Africa,2004,
South Africa,2005,
South Africa,2007,
South Africa,2008,
South Africa,2009,
South Africa,2010,
South Africa,2011,
South Africa,2012,
South Africa,2013,
South Africa,2014,
South Africa,2015,
South Africa,2016,
South Africa,2017,
South Africa,2018,
South Africa,2019,
South Africa,2020,
South Africa,2021,
South Africa,2022,
South Africa,2023,
South Africa,2024,
South Korea,2018,
South Korea,2019,
South Korea,2020,
South Korea,2021,
South Korea,2022,
South Korea,2023,
South Korea,2024,
South Sudan,2011,
South Sudan,2012,
South Sudan,2013,
South Sudan,2014,
South Sudan,2015,
South Sudan,2016,
South Sudan,2017,
South Sudan,2018,
South Sudan,2019,
South Sudan,2020,
South Sudan,2021,
South Sudan,2022,
South Sudan,2023,
South Sudan,2024,
Spain,2020,
Spain,2021,
Spain,2022,
Spain,2023,
Spain,2024,
Sri Lanka,2010,
Sri Lanka,2011,
Sri Lanka,2012,
Sri Lanka,2013,
Sri Lanka,2014,
Sri Lanka,2015,
Sri Lanka,2016,
Sri Lanka,2017,
Sri Lanka,2018,
Sri Lanka,2019,
Sri Lanka,2020,
Sri Lanka,2021,
Sri Lanka,2022,
Sri Lanka,2023,
Sri Lanka,2024,
Sudan,1997,
Sudan,1999,
Sudan,2000,
Sudan,2001,
Sudan,2003,
Sudan,2004,
Sudan,2005,
Sudan,2006,
Sudan,2007,
Sudan,2008,
Sudan,2009,
Sudan,2010,
Sudan,2011,
Sudan,2012,
Sudan,2013,
Sudan,2014,
Sudan,2015,
Sudan,2016,
Sudan,2017,
Sudan,2018,
Sudan,2019,
Sudan,2020,
Sudan,2021,
Sudan,2022,
Sudan,2023,
Sudan,2024,
Suriname,2018,
Suriname,2022,
Suriname,2023,
Sweden,2020,
Sweden,2021,
Sweden,2022,
Sweden,2023,
Sweden,2024,
Switzerland,2020,
Switzerland,2021,
Switzerland,2022,
Switzerland,2023,
Switzerland,2024,
Syria,2017,
Syria,2018,
Syria,2019,
Syria,2020,
Syria,2021,
Syria,2022,
Syria,2023,
Syria,2024,
Taiwan,2018,
Taiwan,2019,
Taiwan,2020,
Taiwan,2021,
Taiwan,2022,
Taiwan,2023,
Taiwan,2024,
Tajikistan,2019,
Tajikistan,2020,
Tanzania,2001,
Tanzania,2010,
Tanzania,2012,
Tanzania,2013,
Tanzania,2014,
Tanzania,2015,
Tanzania,2017,
Tanzania,2018,
Tanzania,2019,
Tanzania,2021,
Tanzania,2022,
Tanzania,2023,
Tanzania,2024,
Thailand,2010,
Thailand,2011,
Thailand,2012,
Thailand,2013,
Thailand,2014,
Thailand,2015,
Thailand,2016,
Thailand,2018,
Thailand,2019,
Thailand,2020,
Thailand,2021,
Thailand,2022,
Thailand,2023,
Thailand,2024,
Togo,2012,
Togo,2013,
Togo,2015,
Togo,2016,
Togo,2018,
Togo,2019,
Togo,2020,
Togo,2021,
Togo,2022,
Togo,2023,
Trinidad and Tobago,2018,
Trinidad and Tobago,2019,
Trinidad and Tobago,2020,
Trinidad and Tobago,2021,
Trinidad and Tobago,2022,
Trinidad and Tobago,2023,
Trinidad and Tobago,2024,
Tunisia,2001,
Tunisia,2004,
Tunisia,2008,
Tunisia,2011,
Tunisia,2012,
Tunisia,2013,
Tunisia,2014,
Tunisia,2015,
Tunisia,2016,
Tunisia,2017,
Tunisia,2018,
Tunisia,2019,
Tunisia,2020,
Tunisia,2021,
Tunisia,2022,
Tunisia,2023,
Tunisia,2024,
Turkey,2016,
Turkey,2017,
Turkey,2018,
Turkey,2019,
Turkey,2020,
Turkey,2021,
Turkey,2022,
Turkey,2023,
Turkey,2024,
Turkmenistan,2018,
Turkmenistan,2019,
Turkmenistan,2020,
Uganda,1997,
Uganda,1998,
Uganda,2003,
Uganda,2004,
Uganda,2005,
Uganda,2007,
Uganda,2008,
Uganda,2009,
Uganda,2010,
Uganda,2011,
Uganda,2012,
Uganda,2013,
Uganda,2014,
Uganda,2015,
Uganda,2016,
Uganda,2017,
Uganda,2018,
Uganda,2019,
Uganda,2020,
Uganda,2021,
Uganda,2022,
Uganda,2023,
Uganda,2024,
Ukraine,2018,
Ukraine,2019,
Ukraine,2020,
Ukraine,2021,
Ukraine,2022,
Ukraine,2023,
Ukraine,2024,
United Kingdom,2020,
United Kingdom,2021,
United Kingdom,2022,
United Kingdom,2023,
United Kingdom,2024,
United States,2020,
United States,2021,
United States,2022,
United States,2023,
United States,2024,
Uruguay,2018,
Uruguay,2019,
Uruguay,2020,
Uruguay,2021,
Uruguay,2022,
Uruguay,2023,
Uruguay,2024,
Uzbekistan,2018,
Uzbekistan,2019,
Uzbekistan,2020,
Uzbekistan,2021,
Uzbekistan,2022,
Uzbekistan,2023,
Vanuatu,2021,
Vanuatu,2023,
Venezuela,2018,
Venezuela,2019,
Venezuela,2020,
Venezuela,2021,
Venezuela,2022,
Venezuela,2023,
Venezuela,2024,
Vietnam,2013,
Vietnam,2014,
Vietnam,2015,
Vietnam,2017,
Vietnam,2018,
Vietnam,2019,
Vietnam,2021,
Vietnam,2023,
Yemen,2015,
Yemen,2016,
Yemen,2017,
Yemen,2018,
Yemen,2019,
Yemen,2020,
Yemen,2021,
Yemen,2022,
Yemen,2023,
Yemen,2024,
Zambia,1999,
Zambia,2000,
Zambia,2001,
Zambia,2002,
Zambia,2011,
Zambia,2012,
Zambia,2014,
Zambia,2015,
Zambia,2016,
Zambia,2018,
Zambia,2019,
Zambia,2020,
Zambia,2021,
Zambia,2022,
Zambia,2023,
Zambia,2024,
Zimbabwe,1998,
Zimbabwe,1999,
Zimbabwe,2000,
Zimbabwe,2001,
Zimbabwe,2002,
Zimbabwe,2003,
Zimbabwe,2004,
Zimbabwe,2005,
Zimbabwe,2006,
Zimbabwe,2007,
Zimbabwe,2008,
Zimbabwe,2009,
Zimbabwe,2010,
Zimbabwe,2011,
Zimbabwe,2012,
Zimbabwe,2013,
Zimbabwe,2014,
Zimbabwe,2015,
Zimbabwe,2016,
Zimbabwe,2017,
Zimbabwe,2018,
Zimbabwe,2019,
Zimbabwe,2020,
Zimbabwe,2021,
Zimbabwe,2022,
Zimbabwe,2023,
Zimbabwe,2024,
eSwatini,2004,
eSwatini,2008,
eSwatini,2012,
eSwatini,2013,
eSwatini,2015,
eSwatini,2018,
eSwatini,2019,
eSwatini,2020,
eSwatini,2021,
eSwatini,2022,
eSwatini,2023,
