country,year,cpi_score,rank,african_development_bank_cpia,bertelsmann_foundation_sustainable_governance_index,economist_intelligence_unit_country_ratings,global_insights_country_risk_ratings,prs_international_country_risk_guide,world_bank_cpia,world_economic_forum_eos
Afghanistan,2023,20,162,,,,10.0,,2.0,
Afghanistan,2022,24,150,,,,10.0,,,
Afghanistan,2021,16,174,,,,10.0,,18.0,
Afghanistan,2020,19,165,,,,10.0,,18.0,
Afghanistan,2019,16,173,,,,10.0,,18.0,
Afghanistan,2018,16,172,,,,10.0,,18.0,
Afghanistan,2017,15,177,,,,10.0,,18.0,
Afghanistan,2016,15,169,,,,10.0,,13.0,
Afghanistan,2015,11,166,,,,11.0,,12.0,
Afghanistan,2014,12,172,,,,11.0,,12.0,
Afghanistan,2013,8,175,,,,1.0,,12.0,
Afghanistan,2012,8,174,,,,1.0,,12.0,
Albania,2023,37,98,,,37.0,35.0,32.0,,
Albania,2022,36,101,,,37.0,35.0,32.0,,42.0
Albania,2021,35,110,,,37.0,35.0,39.0,,32.0
Albania,2020,36,104,,,37.0,35.0,41.0,,37.0
Albania,2019,35,106,,,37.0,35.0,41.0,,37.0
Albania,2018,36,99,,,37.0,35.0,41.0,,39.0
Albania,2017,38,91,,,37.0,47.0,41.0,,39.0
Albania,2016,39,83,,,37.0,47.0,41.0,,41.0
Albania,2015,36,88,,,38.0,32.0,41.0,,49.0
Albania,2014,33,110,,,38.0,32.0,31.0,,37.0
Albania,2013,31,116,,,38.0,32.0,31.0,,23.0
Albania,2012,33,113,,,38.0,32.0,31.0,,32.0
Algeria,2023,36,104,,,37.0,35.0,24.0,,52.0
Algeria,2022,33,116,,,37.0,35.0,24.0,,
Algeria,2021,33,117,,,37.0,35.0,30.0,,32.0
Algeria,2020,36,104,,,37.0,35.0,32.0,,46.0
Algeria,2019,35,106,,,37.0,35.0,32.0,,46.0
Algeria,2018,35,105,,,37.0,35.0,32.0,,39.0
Algeria,2017,33,112,,,37.0,22.0,32.0,,34.0
Algeria,2016,34,108,,,37.0,22.0,32.0,,33.0
Algeria,2015,36,88,,,38.0,42.0,31.0,,34.0
Algeria,2014,36,100,,,38.0,42.0,31.0,,31.0
Algeria,2013,36,94,42.0,,38.0,42.0,31.0,,25.0
Algeria,2012,34,105,40.0,,38.0,42.0,31.0,,20.0
Angola,2023,33,121,,,20.0,47.0,39.0,,19.0
Angola,2022,33,116,,,20.0,47.0,32.0,,22.0
Angola,2021,29,136,,,20.0,35.0,33.0,,23.0
Angola,2020,27,142,,,20.0,22.0,41.0,,20.0
Angola,2019,26,146,,,20.0,22.0,29.0,,20.0
Angola,2018,19,165,,,20.0,22.0,19.0,,14.0
Angola,2017,19,167,,,20.0,22.0,15.0,,
Angola,2016,18,164,,,19.0,22.0,15.0,,
Angola,2015,15,163,,,21.0,11.0,12.0,,17.0
Angola,2014,19,161,,,21.0,11.0,21.0,23.0,17.0
Angola,2013,23,153,40.0,,21.0,22.0,21.0,23.0,19.0
Angola,2012,22,157,25.0,,21.0,22.0,31.0,23.0,17.0
Argentina,2023,37,98,,,37.0,35.0,32.0,,26.0
Argentina,2022,38,94,,,37.0,35.0,32.0,,
Argentina,2021,38,96,,,37.0,35.0,39.0,,30.0
Argentina,2020,42,78,,,37.0,35.0,41.0,,36.0
Argentina,2019,45,66,,,37.0,47.0,37.0,,36.0
Argentina,2018,40,85,,,37.0,35.0,32.0,,33.0
Argentina,2017,39,85,,,37.0,35.0,32.0,,29.0
Argentina,2016,36,95,,,37.0,34.0,32.0,,29.0
Argentina,2015,32,106,,,38.0,32.0,31.0,,28.0
Argentina,2014,34,107,,,38.0,32.0,31.0,,24.0
Argentina,2013,34,106,,,38.0,32.0,31.0,,20.0
Argentina,2012,35,102,,,38.0,32.0,41.0,,19.0
Armenia,2023,47,62,,,,47.0,32.0,,54.0
Armenia,2022,46,63,,,,47.0,32.0,,53.0
Armenia,2021,49,58,,,,47.0,32.0,,66.0
Armenia,2020,49,60,,,,47.0,32.0,,60.0
Armenia,2019,42,77,,,,47.0,32.0,,60.0
Armenia,2018,35,105,,,,35.0,32.0,,51.0
Armenia,2017,35,107,,,,35.0,32.0,,47.0
Armenia,2016,33,113,,,,34.0,32.0,,45.0
Armenia,2015,35,95,,,,32.0,31.0,,45.0
Armenia,2014,37,94,,,,32.0,21.0,47.0,43.0
Armenia,2013,36,94,,,,32.0,21.0,47.0,38.0
Armenia,2012,34,105,,,,32.0,21.0,35.0,38.0
Australia,2023,75,14,,70.0,72.0,83.0,76.0,,59.0
Australia,2022,75,13,,70.0,72.0,71.0,76.0,,77.0
Australia,2021,73,18,,70.0,72.0,71.0,76.0,,76.0
Australia,2020,77,11,,70.0,72.0,71.0,76.0,,76.0
Australia,2019,77,12,,79.0,72.0,71.0,76.0,,76.0
Australia,2018,77,13,,79.0,72.0,71.0,76.0,,80.0
Australia,2017,77,13,,79.0,72.0,71.0,76.0,,82.0
Australia,2016,79,13,,80.0,72.0,83.0,76.0,,80.0
Australia,2015,79,13,,81.0,71.0,83.0,79.0,,81.0
Australia,2014,80,11,,81.0,71.0,83.0,79.0,,83.0
Australia,2013,81,9,,81.0,88.0,83.0,79.0,,74.0
Australia,2012,85,7,,81.0,88.0,83.0,89.0,,80.0
Austria,2023,71,20,,79.0,72.0,59.0,74.0,,69.0
Austria,2022,71,22,,79.0,72.0,59.0,76.0,,70.0
Austria,2021,74,13,,79.0,72.0,71.0,76.0,,76.0
Austria,2020,76,15,,79.0,72.0,71.0,76.0,,78.0
Austria,2019,77,12,,79.0,72.0,71.0,76.0,,78.0
Austria,2018,76,14,,79.0,72.0,71.0,76.0,,75.0
Austria,2017,75,16,,79.0,72.0,71.0,76.0,,72.0
Austria,2016,75,17,,80.0,72.0,71.0,76.0,,73.0
Austria,2015,76,16,,81.0,71.0,73.0,79.0,,77.0
Austria,2014,72,23,,81.0,54.0,73.0,79.0,,71.0
Austria,2013,69,26,,81.0,54.0,63.0,79.0,,67.0
Austria,2012,69,25,,73.0,71.0,63.0,79.0,,63.0
Azerbaijan,2023,23,154,,,20.0,35.0,24.0,,
Azerbaijan,2022,23,157,,,20.0,35.0,24.0,,
Azerbaijan,2021,30,128,,,20.0,35.0,24.0,,74.0
Azerbaijan,2020,30,129,,,20.0,35.0,24.0,,69.0
Azerbaijan,2019,30,126,,,20.0,35.0,24.0,,69.0
Azerbaijan,2018,25,152,,,37.0,35.0,24.0,,
Azerbaijan,2017,31,122,,,37.0,47.0,24.0,,52.0
Azerbaijan,2016,30,123,,,37.0,47.0,24.0,,46.0
Azerbaijan,2015,29,119,,,38.0,32.0,21.0,,37.0
Azerbaijan,2014,29,126,,,38.0,32.0,21.0,,37.0
Azerbaijan,2013,28,127,,,38.0,22.0,21.0,,40.0
Azerbaijan,2012,27,139,,,38.0,22.0,21.0,,30.0
Bahamas,2022,64,30,,,,59.0,76.0,,
Bahamas,2021,64,30,,,,59.0,76.0,,
Bahamas,2020,63,30,,,,59.0,76.0,,
Bahamas,2019,64,29,,,,59.0,76.0,,
Bahamas,2018,65,29,,,,59.0,76.0,,
Bahamas,2017,65,28,,,,59.0,76.0,,
Bahamas,2016,66,24,,,,59.0,76.0,,
Bahamas,2014,71,24,,,71.0,73.0,69.0,,
Bahamas,2013,71,22,,,71.0,73.0,69.0,,
Bahamas,2012,71,22,,,71.0,73.0,69.0,,
Bahamas,2023,64,30,,,,59.0,76.0,,
Bahrain,2023,42,76,,,37.0,35.0,50.0,,
Bahrain,2022,44,69,,,37.0,35.0,50.0,,
Bahrain,2021,42,78,,,37.0,35.0,45.0,,74.0
Bahrain,2020,42,78,,,37.0,35.0,41.0,,79.0
Bahrain,2019,42,77,,,37.0,35.0,41.0,,79.0
Bahrain,2018,36,99,,,37.0,35.0,41.0,,
Bahrain,2017,36,103,,,37.0,35.0,41.0,,
Bahrain,2016,43,70,,,37.0,34.0,41.0,,66.0
Bahrain,2015,51,50,,,38.0,52.0,50.0,,80.0
Bahrain,2014,49,55,,,38.0,52.0,50.0,,70.0
Bahrain,2013,48,57,,,38.0,52.0,50.0,,65.0
Bahrain,2012,51,53,,,54.0,52.0,50.0,,61.0
Bangladesh,2023,24,149,,,20.0,22.0,34.0,27.0,30.0
Bangladesh,2022,25,147,,,20.0,22.0,41.0,27.0,33.0
Bangladesh,2021,26,147,,,20.0,22.0,41.0,27.0,29.0
Bangladesh,2020,26,146,,,20.0,22.0,41.0,27.0,31.0
Bangladesh,2019,26,146,,,20.0,22.0,41.0,27.0,31.0
Bangladesh,2018,26,149,,,20.0,22.0,41.0,27.0,30.0
Bangladesh,2017,28,143,,,20.0,22.0,47.0,27.0,35.0
Bangladesh,2016,26,145,,,19.0,22.0,50.0,24.0,17.0
Bangladesh,2015,25,139,,,21.0,22.0,50.0,23.0,19.0
Bangladesh,2014,25,145,,,21.0,22.0,50.0,23.0,18.0
Bangladesh,2013,27,136,,,21.0,32.0,50.0,23.0,21.0
Bangladesh,2012,26,144,,,21.0,22.0,50.0,23.0,21.0
Barbados,2023,69,24,,,,71.0,,,
Barbados,2022,65,29,,,,71.0,,,56.0
Barbados,2021,65,29,,,,71.0,,,57.0
Barbados,2020,64,29,,,,71.0,,,46.0
Barbados,2019,62,30,,,,71.0,,,46.0
Barbados,2018,68,25,,,,71.0,,,
Barbados,2017,68,25,,,,71.0,,,
Barbados,2016,61,31,,,,71.0,,,48.0
Barbados,2014,74,17,,,88.0,73.0,,,60.0
Barbados,2013,75,15,,,88.0,73.0,,,64.0
Barbados,2012,76,15,,,88.0,73.0,,,66.0
Belarus,2023,37,98,,,37.0,47.0,24.0,,
Belarus,2022,39,91,,,37.0,47.0,24.0,,
Belarus,2021,41,82,,,37.0,47.0,29.0,,50.0
Belarus,2020,47,63,,,55.0,59.0,32.0,,
Belarus,2019,45,66,,,55.0,47.0,32.0,,
Belarus,2018,44,70,,,55.0,47.0,32.0,,
Belarus,2017,44,68,,,55.0,47.0,32.0,,
Belarus,2016,40,79,,,37.0,47.0,32.0,,
Belarus,2015,32,106,,,21.0,32.0,31.0,,
Belarus,2014,31,119,,,,32.0,21.0,,
Belarus,2013,29,123,,,,22.0,21.0,,
Belarus,2012,31,123,,,,22.0,31.0,,
Belgium,2023,73,16,,79.0,72.0,71.0,74.0,,51.0
Belgium,2022,73,18,,79.0,72.0,71.0,76.0,,58.0
Belgium,2021,73,18,,79.0,72.0,71.0,76.0,,59.0
Belgium,2020,76,15,,79.0,72.0,71.0,76.0,,
Belgium,2019,75,17,,79.0,72.0,71.0,76.0,,
Belgium,2018,75,17,,79.0,72.0,71.0,76.0,,71.0
Belgium,2017,75,16,,79.0,72.0,83.0,76.0,,68.0
Belgium,2016,77,15,,80.0,72.0,83.0,76.0,,73.0
Belgium,2015,77,15,,81.0,71.0,73.0,79.0,,79.0
Belgium,2014,76,15,,73.0,71.0,73.0,89.0,,79.0
Belgium,2013,75,15,,73.0,71.0,73.0,89.0,,76.0
Belgium,2012,75,16,,73.0,71.0,73.0,89.0,,71.0
Benin,2023,43,70,42.0,,,35.0,,43.0,
Benin,2022,43,72,39.0,,,35.0,,43.0,47.0
Benin,2021,42,78,39.0,,,35.0,,43.0,41.0
Benin,2020,41,83,42.0,,,35.0,,43.0,40.0
Benin,2019,41,80,42.0,,,35.0,,43.0,40.0
Benin,2018,40,85,44.0,,,35.0,,43.0,34.0
Benin,2017,39,85,44.0,,,35.0,,43.0,26.0
Benin,2016,36,95,44.0,,,34.0,,47.0,20.0
Benin,2015,37,83,47.0,,,32.0,,47.0,25.0
Benin,2014,39,80,47.0,,,32.0,,47.0,
Benin,2013,36,94,45.0,,38.0,32.0,,47.0,25.0
Benin,2012,36,94,47.0,,38.0,32.0,,47.0,18.0
Bhutan,2023,68,26,,,,71.0,,60.0,
Bhutan,2022,68,25,,,,71.0,,60.0,
Bhutan,2021,68,25,,,,71.0,,60.0,
Bhutan,2020,68,24,,,,71.0,,60.0,
Bhutan,2019,68,25,,,,71.0,,60.0,
Bhutan,2018,68,25,,,,71.0,,60.0,
Bhutan,2017,67,26,,,,71.0,,60.0,67.0
Bhutan,2016,65,27,,,,71.0,,69.0,59.0
Bhutan,2015,65,27,,,,63.0,,70.0,60.0
Bhutan,2014,65,30,,,,63.0,,70.0,65.0
Bhutan,2013,63,31,,,,63.0,,70.0,57.0
Bhutan,2012,63,33,,,,63.0,,70.0,
Bolivia,2023,29,133,,,37.0,35.0,30.0,,15.0
Bolivia,2022,31,126,,,37.0,35.0,24.0,,
Bolivia,2021,30,128,,,37.0,35.0,30.0,,23.0
Bolivia,2020,31,124,,,37.0,35.0,32.0,,19.0
Bolivia,2019,31,123,,,37.0,35.0,32.0,,19.0
Bolivia,2018,29,132,,,37.0,35.0,32.0,,13.0
Bolivia,2017,33,112,,,37.0,35.0,32.0,,
Bolivia,2016,33,113,,,37.0,34.0,32.0,35.0,18.0
Bolivia,2015,34,98,,,38.0,42.0,31.0,47.0,25.0
Bolivia,2014,35,103,,,38.0,42.0,31.0,47.0,28.0
Bolivia,2013,34,106,,,38.0,42.0,31.0,47.0,29.0
Bolivia,2012,34,105,,,38.0,42.0,31.0,47.0,29.0
Bosnia and Herzegovina,2023,35,108,,,37.0,35.0,,,
Bosnia and Herzegovina,2022,34,110,,,37.0,35.0,,,23.0
Bosnia and Herzegovina,2021,35,110,,,37.0,35.0,,,27.0
Bosnia and Herzegovina,2020,35,111,,,37.0,35.0,,,29.0
Bosnia and Herzegovina,2019,36,101,,,37.0,35.0,,,29.0
Bosnia and Herzegovina,2018,38,89,,,37.0,35.0,,,29.0
Bosnia and Herzegovina,2017,38,91,,,37.0,47.0,,,27.0
Bosnia and Herzegovina,2016,39,83,,,37.0,47.0,,,34.0
Bosnia and Herzegovina,2015,38,76,,,38.0,42.0,,,32.0
Bosnia and Herzegovina,2014,39,80,,,38.0,42.0,,35.0,
Bosnia and Herzegovina,2013,42,72,,,38.0,42.0,,35.0,59.0
Bosnia and Herzegovina,2012,42,72,,,38.0,42.0,,35.0,54.0
Botswana,2023,59,39,,,72.0,71.0,66.0,,
Botswana,2022,60,35,,,72.0,71.0,59.0,,63.0
Botswana,2021,55,45,,,72.0,59.0,51.0,,40.0
Botswana,2020,60,35,,,72.0,71.0,50.0,,45.0
Botswana,2019,61,34,,,72.0,71.0,54.0,,45.0
Botswana,2018,61,34,,,72.0,59.0,59.0,,52.0
Botswana,2017,61,34,,,72.0,59.0,64.0,,50.0
Botswana,2016,60,35,,,72.0,59.0,67.0,,52.0
Botswana,2015,63,29,,,71.0,63.0,69.0,,59.0
Botswana,2014,63,31,,,71.0,63.0,60.0,,58.0
Botswana,2013,64,30,65.0,,71.0,63.0,60.0,,60.0
Botswana,2012,65,30,62.0,,71.0,63.0,60.0,,60.0
Brazil,2023,36,104,,,37.0,35.0,32.0,,27.0
Brazil,2022,38,94,,,37.0,35.0,32.0,,34.0
Brazil,2021,38,96,,,37.0,35.0,32.0,,31.0
Brazil,2020,38,94,,,37.0,35.0,32.0,,22.0
Brazil,2019,35,106,,,37.0,35.0,32.0,,22.0
Brazil,2018,35,105,,,37.0,35.0,32.0,,18.0
Brazil,2017,37,96,,,37.0,47.0,32.0,,19.0
Brazil,2016,40,79,,,37.0,47.0,32.0,,28.0
Brazil,2015,38,76,,,38.0,52.0,31.0,,25.0
Brazil,2014,43,69,,,38.0,52.0,41.0,,35.0
Brazil,2013,42,72,,,38.0,52.0,41.0,,30.0
Brazil,2012,43,69,,,38.0,52.0,50.0,,35.0
Brunei Darussalam,2020,60,35,,,,71.0,50.0,,60.0
Brunei Darussalam,2019,60,35,,,,71.0,50.0,,60.0
Brunei Darussalam,2018,63,31,,,,71.0,50.0,,68.0
Brunei Darussalam,2017,62,32,,,,71.0,44.0,,69.0
Brunei Darussalam,2016,58,41,,,,71.0,41.0,,61.0
Brunei Darussalam,2013,60,38,,,,63.0,41.0,,76.0
Brunei Darussalam,2012,55,46,,,,52.0,41.0,,72.0
Bulgaria,2023,45,67,,44.0,37.0,47.0,50.0,,41.0
Bulgaria,2022,43,72,,44.0,37.0,35.0,48.0,,39.0
Bulgaria,2021,42,78,,44.0,37.0,35.0,48.0,,39.0
Bulgaria,2020,44,69,,44.0,37.0,47.0,50.0,,40.0
Bulgaria,2019,43,74,,44.0,37.0,47.0,50.0,,40.0
Bulgaria,2018,42,77,,44.0,37.0,35.0,50.0,,37.0
Bulgaria,2017,43,71,,44.0,37.0,35.0,50.0,,31.0
Bulgaria,2016,41,75,,42.0,37.0,34.0,42.0,,38.0
Bulgaria,2015,41,69,,49.0,38.0,42.0,41.0,,38.0
Bulgaria,2014,43,69,,49.0,38.0,42.0,31.0,,47.0
Bulgaria,2013,41,77,,49.0,38.0,42.0,31.0,,39.0
Bulgaria,2012,41,75,,,38.0,42.0,31.0,,38.0
Burkina Faso,2023,41,83,44.0,,,47.0,37.0,43.0,
Burkina Faso,2022,42,77,44.0,,,47.0,41.0,43.0,
Burkina Faso,2021,42,78,44.0,,,47.0,41.0,43.0,
Burkina Faso,2020,40,86,44.0,,,47.0,41.0,43.0,27.0
Burkina Faso,2019,40,85,44.0,,,47.0,41.0,43.0,27.0
Burkina Faso,2018,41,78,44.0,,,47.0,41.0,43.0,34.0
Burkina Faso,2017,42,74,44.0,,,47.0,41.0,43.0,
Burkina Faso,2016,42,72,44.0,,,47.0,41.0,47.0,
Burkina Faso,2015,38,76,45.0,,,42.0,41.0,47.0,29.0
Burkina Faso,2014,38,85,45.0,,,42.0,31.0,47.0,29.0
Burkina Faso,2013,38,83,50.0,,,42.0,31.0,47.0,20.0
Burkina Faso,2012,38,83,55.0,,,42.0,31.0,47.0,26.0
Burundi,2023,20,162,19.0,,,22.0,,18.0,
Burundi,2022,17,171,14.0,,,22.0,,10.0,
Burundi,2021,19,169,14.0,,,22.0,,10.0,38.0
Burundi,2020,19,165,14.0,,,22.0,,10.0,42.0
Burundi,2019,19,165,14.0,,,22.0,,10.0,42.0
Burundi,2018,17,170,21.0,,,22.0,,10.0,
Burundi,2017,22,157,21.0,,,22.0,,18.0,36.0
Burundi,2016,20,159,20.0,,,22.0,,13.0,24.0
Burundi,2015,21,150,25.0,,,11.0,,23.0,28.0
Burundi,2014,20,159,27.0,,,11.0,,12.0,28.0
Burundi,2013,21,157,27.0,,,22.0,,12.0,22.0
Burundi,2012,19,165,17.0,,,22.0,,12.0,15.0
Cabo Verde,2022,60,35,,,,71.0,,60.0,45.0
Cabo Verde,2021,58,39,,,,59.0,,60.0,48.0
Cabo Verde,2020,58,41,,,,59.0,,60.0,47.0
Cabo Verde,2019,58,41,,,,59.0,,60.0,47.0
Cabo Verde,2018,57,45,,,,59.0,,52.0,49.0
Cabo Verde,2017,55,48,,,,59.0,,52.0,45.0
Cabo Verde,2016,59,38,,,,59.0,,69.0,49.0
Cabo Verde,2015,55,40,60.0,,,42.0,,70.0,49.0
Cabo Verde,2014,57,43,62.0,,,42.0,,70.0,55.0
Cabo Verde,2013,58,41,62.0,,,52.0,,70.0,49.0
Cabo Verde,2012,60,39,62.0,,,52.0,,70.0,57.0
Cabo Verde,2023,64,30,,,,71.0,,60.0,
Cambodia,2023,22,158,,,20.0,35.0,,18.0,
Cambodia,2022,24,150,,,20.0,35.0,,18.0,41.0
Cambodia,2021,23,157,,,20.0,35.0,,10.0,42.0
Cambodia,2020,21,160,,,20.0,35.0,,10.0,35.0
Cambodia,2019,20,162,,,20.0,22.0,,10.0,35.0
Cambodia,2018,20,161,,,20.0,22.0,,18.0,33.0
Cambodia,2017,21,161,,,20.0,22.0,,18.0,31.0
Cambodia,2016,21,156,,,19.0,22.0,,13.0,28.0
Cambodia,2015,21,150,,,21.0,22.0,,12.0,35.0
Cambodia,2014,21,156,,,21.0,22.0,,12.0,27.0
Cambodia,2013,20,160,,,21.0,11.0,,12.0,29.0
Cambodia,2012,22,157,,,21.0,22.0,,12.0,37.0
Cameroon,2023,27,140,34.0,,20.0,35.0,24.0,35.0,37.0
Cameroon,2022,26,142,34.0,,20.0,35.0,24.0,35.0,25.0
Cameroon,2021,27,144,34.0,,20.0,35.0,24.0,35.0,28.0
Cameroon,2020,25,149,34.0,,20.0,35.0,24.0,27.0,26.0
Cameroon,2019,25,153,34.0,,20.0,35.0,24.0,27.0,26.0
Cameroon,2018,25,152,34.0,,20.0,35.0,24.0,27.0,30.0
Cameroon,2017,25,153,34.0,,20.0,35.0,29.0,27.0,25.0
Cameroon,2016,26,145,41.0,,19.0,34.0,32.0,24.0,22.0
Cameroon,2015,27,130,45.0,,21.0,22.0,31.0,23.0,30.0
Cameroon,2014,27,136,42.0,,21.0,22.0,31.0,23.0,34.0
Cameroon,2013,25,144,40.0,,21.0,22.0,31.0,23.0,21.0
Cameroon,2012,26,144,40.0,,21.0,22.0,41.0,23.0,21.0
Canada,2023,76,12,,79.0,90.0,71.0,76.0,,63.0
Canada,2022,74,14,,79.0,90.0,71.0,76.0,,58.0
Canada,2021,74,13,,79.0,90.0,71.0,76.0,,54.0
Canada,2020,77,11,,79.0,90.0,71.0,84.0,,64.0
Canada,2019,77,12,,79.0,90.0,71.0,85.0,,64.0
Canada,2018,81,9,,79.0,90.0,71.0,85.0,,79.0
Canada,2017,82,8,,79.0,90.0,83.0,85.0,,80.0
Canada,2016,82,9,,80.0,90.0,83.0,85.0,,73.0
Canada,2015,83,10,,81.0,88.0,83.0,89.0,,79.0
Canada,2014,81,10,,81.0,88.0,83.0,89.0,,80.0
Canada,2013,81,9,,81.0,88.0,83.0,89.0,,72.0
Canada,2012,84,9,,89.0,88.0,83.0,89.0,,79.0
Central African Republic,2023,24,149,24.0,,,22.0,,27.0,
Central African Republic,2022,24,150,24.0,,,22.0,,27.0,
Central African Republic,2021,24,154,24.0,,,22.0,,27.0,
Central African Republic,2020,26,146,24.0,,,22.0,,27.0,
Central African Republic,2019,25,153,24.0,,,22.0,,27.0,
Central African Republic,2018,26,149,24.0,,,22.0,,27.0,
Central African Republic,2017,23,156,24.0,,,10.0,,27.0,
Central African Republic,2016,20,159,17.0,,,10.0,,24.0,
Central African Republic,2015,24,145,22.0,,,22.0,,23.0,
Central African Republic,2014,24,150,22.0,,,22.0,,23.0,
Central African Republic,2013,25,144,37.0,,,11.0,,23.0,
Central African Republic,2012,26,144,32.0,,,22.0,,23.0,
Chad,2023,20,162,24.0,,,22.0,,18.0,30.0
Chad,2022,19,167,24.0,,,22.0,,18.0,19.0
Chad,2021,20,164,24.0,,,22.0,,27.0,14.0
Chad,2020,21,160,24.0,,,22.0,,27.0,19.0
Chad,2019,20,162,24.0,,,22.0,,27.0,19.0
Chad,2018,19,165,24.0,,,22.0,,27.0,12.0
Chad,2017,20,165,24.0,,,22.0,,27.0,15.0
Chad,2016,20,159,23.0,,,22.0,,24.0,10.0
Chad,2015,22,147,30.0,,,22.0,,23.0,16.0
Chad,2014,22,154,30.0,,,22.0,,12.0,24.0
Chad,2013,19,163,30.0,,,22.0,,12.0,9.0
Chad,2012,19,165,25.0,,,22.0,,12.0,16.0
Chile,2023,66,29,,62.0,72.0,71.0,59.0,,57.0
Chile,2022,67,27,,62.0,72.0,71.0,59.0,,66.0
Chile,2021,67,27,,62.0,72.0,71.0,65.0,,62.0
Chile,2020,67,25,,62.0,72.0,59.0,67.0,,69.0
Chile,2019,67,26,,62.0,72.0,59.0,67.0,,69.0
Chile,2018,67,27,,62.0,72.0,59.0,67.0,,67.0
Chile,2017,67,26,,62.0,72.0,59.0,73.0,,66.0
Chile,2016,66,24,,61.0,72.0,59.0,76.0,,64.0
Chile,2015,70,23,,65.0,71.0,73.0,79.0,,66.0
Chile,2014,73,21,,65.0,71.0,73.0,79.0,,75.0
Chile,2013,71,22,,65.0,71.0,73.0,79.0,,73.0
Chile,2012,72,20,,65.0,71.0,73.0,79.0,,73.0
China,2023,42,76,,,37.0,47.0,32.0,,
China,2022,45,65,,,37.0,47.0,32.0,,59.0
China,2021,45,66,,,37.0,47.0,32.0,,59.0
China,2020,42,78,,,37.0,47.0,32.0,,
China,2019,41,80,,,37.0,47.0,32.0,,
China,2018,39,87,,,37.0,47.0,32.0,,
China,2017,41,77,,,37.0,47.0,32.0,,52.0
China,2016,40,79,,,37.0,47.0,32.0,,53.0
China,2015,37,83,,,38.0,32.0,31.0,,49.0
China,2014,36,100,,,38.0,32.0,31.0,,47.0
China,2013,40,80,,,38.0,42.0,31.0,,49.0
China,2012,39,80,,,38.0,32.0,31.0,,47.0
Colombia,2023,40,87,,,37.0,47.0,32.0,,34.0
Colombia,2022,39,91,,,37.0,47.0,32.0,,37.0
Colombia,2021,39,87,,,37.0,47.0,39.0,,33.0
Colombia,2020,39,92,,,37.0,47.0,41.0,,31.0
Colombia,2019,37,96,,,37.0,47.0,41.0,,31.0
Colombia,2018,36,99,,,37.0,47.0,41.0,,31.0
Colombia,2017,37,96,,,37.0,47.0,41.0,,25.0
Colombia,2016,37,90,,,37.0,47.0,41.0,,32.0
Colombia,2015,37,83,,,38.0,32.0,41.0,,36.0
Colombia,2014,37,94,,,38.0,32.0,41.0,,33.0
Colombia,2013,36,94,,,38.0,32.0,41.0,,28.0
Colombia,2012,36,94,,,38.0,32.0,50.0,,29.0
Comoros,2023,20,162,4.0,,,35.0,,18.0,
Comoros,2022,19,167,4.0,,,35.0,,18.0,
Comoros,2021,20,164,4.0,,,35.0,,27.0,
Comoros,2020,21,160,4.0,,,35.0,,27.0,
Comoros,2019,25,153,4.0,,,47.0,,27.0,
Comoros,2018,27,144,4.0,,,47.0,,27.0,
Comoros,2017,27,148,4.0,,,47.0,,27.0,
Comoros,2016,24,153,2.0,,,47.0,,24.0,
Comoros,2015,26,136,12.0,,,42.0,,23.0,
Comoros,2014,26,142,12.0,,,42.0,,23.0,
Comoros,2013,28,127,17.0,,,42.0,,23.0,
Comoros,2012,28,133,17.0,,,42.0,,23.0,
Congo,2022,21,164,,,20.0,22.0,17.0,18.0,
Congo,2021,21,162,,,20.0,22.0,16.0,18.0,
Congo,2020,19,165,,,20.0,22.0,15.0,18.0,
Congo,2019,19,165,,,20.0,22.0,15.0,18.0,
Congo,2018,19,165,,,20.0,22.0,15.0,18.0,
Congo,2017,21,161,,,20.0,22.0,21.0,18.0,
Congo,2016,20,159,,,19.0,22.0,24.0,13.0,
Congo,2015,23,146,42.0,,21.0,22.0,21.0,12.0,
Congo,2014,23,152,42.0,,21.0,22.0,21.0,12.0,
Congo,2013,22,154,40.0,,21.0,22.0,21.0,12.0,
Congo,2012,26,144,40.0,,21.0,22.0,31.0,23.0,
Congo,2023,22,158,,,20.0,22.0,15.0,27.0,
Costa Rica,2023,55,45,,,55.0,47.0,41.0,,45.0
Costa Rica,2022,54,48,,,55.0,47.0,41.0,,39.0
Costa Rica,2021,58,39,,,55.0,59.0,41.0,,54.0
Costa Rica,2020,57,42,,,55.0,59.0,41.0,,50.0
Costa Rica,2019,56,44,,,55.0,47.0,41.0,,50.0
Costa Rica,2018,56,48,,,55.0,47.0,49.0,,46.0
Costa Rica,2017,59,38,,,55.0,59.0,53.0,,48.0
Costa Rica,2016,58,41,,,54.0,59.0,50.0,,46.0
Costa Rica,2015,55,40,,,54.0,52.0,50.0,,48.0
Costa Rica,2014,54,48,,,54.0,52.0,41.0,,54.0
Costa Rica,2013,53,49,,,54.0,52.0,41.0,,50.0
Costa Rica,2012,54,48,,,71.0,52.0,31.0,,51.0
Côte d'Ivoire,2023,40,87,44.0,,37.0,59.0,41.0,43.0,46.0
Côte d'Ivoire,2022,37,99,39.0,,37.0,59.0,39.0,43.0,33.0
Côte d'Ivoire,2021,36,105,39.0,,37.0,47.0,32.0,43.0,35.0
Côte d'Ivoire,2020,36,104,32.0,,37.0,47.0,32.0,43.0,28.0
Côte d'Ivoire,2019,35,106,32.0,,37.0,47.0,32.0,35.0,28.0
Côte d'Ivoire,2018,35,105,32.0,,37.0,47.0,32.0,35.0,26.0
Côte d'Ivoire,2017,36,103,32.0,,37.0,47.0,32.0,35.0,
Côte d'Ivoire,2016,34,108,32.0,,37.0,47.0,32.0,35.0,32.0
Côte d'Ivoire,2015,32,106,32.0,,38.0,22.0,31.0,35.0,46.0
Côte d'Ivoire,2014,32,115,35.0,,38.0,22.0,21.0,35.0,55.0
Côte d'Ivoire,2013,27,136,32.0,,38.0,22.0,21.0,23.0,28.0
Côte d'Ivoire,2012,29,130,32.0,,38.0,22.0,31.0,23.0,36.0
Croatia,2023,50,57,,44.0,55.0,47.0,53.0,,
Croatia,2022,50,57,,44.0,55.0,47.0,50.0,,
Croatia,2021,47,63,,44.0,55.0,47.0,50.0,,30.0
Croatia,2020,47,63,,44.0,55.0,47.0,50.0,,31.0
Croatia,2019,47,63,,53.0,55.0,47.0,50.0,,31.0
Croatia,2018,48,60,,53.0,55.0,47.0,50.0,,30.0
Croatia,2017,49,57,,53.0,55.0,47.0,50.0,,34.0
Croatia,2016,49,55,,52.0,54.0,47.0,50.0,,39.0
Croatia,2015,51,50,,57.0,54.0,52.0,50.0,,46.0
Croatia,2014,48,61,,49.0,54.0,52.0,31.0,,46.0
Croatia,2013,48,57,,49.0,54.0,52.0,31.0,,43.0
Croatia,2012,46,62,,,54.0,52.0,41.0,,32.0
Cuba,2023,42,76,,,55.0,35.0,50.0,,
Cuba,2022,45,65,,,55.0,35.0,50.0,,
Cuba,2021,46,64,,,55.0,35.0,53.0,,
Cuba,2020,47,63,,,55.0,35.0,50.0,,
Cuba,2019,48,60,,,55.0,47.0,50.0,,
Cuba,2018,47,61,,,55.0,47.0,50.0,,
Cuba,2017,47,62,,,55.0,47.0,44.0,,
Cuba,2016,47,60,,,54.0,47.0,41.0,,
Cuba,2015,47,56,,,54.0,52.0,41.0,,
Cuba,2014,46,63,,,54.0,52.0,41.0,,
Cuba,2013,46,63,,,54.0,52.0,41.0,,
Cuba,2012,48,58,,,54.0,52.0,50.0,,
Cyprus,2023,53,49,,35.0,55.0,59.0,48.0,,57.0
Cyprus,2022,52,51,,35.0,55.0,47.0,50.0,,57.0
Cyprus,2021,53,52,,35.0,55.0,47.0,56.0,,60.0
Cyprus,2020,57,42,,35.0,72.0,59.0,59.0,,58.0
Cyprus,2019,58,41,,44.0,72.0,59.0,59.0,,58.0
Cyprus,2018,59,38,,44.0,72.0,59.0,59.0,,60.0
Cyprus,2017,57,42,,44.0,72.0,47.0,64.0,,58.0
Cyprus,2016,55,47,,42.0,72.0,47.0,67.0,,49.0
Cyprus,2015,61,32,,49.0,71.0,63.0,69.0,,55.0
Cyprus,2014,63,31,,49.0,71.0,63.0,69.0,,65.0
Cyprus,2013,63,31,,49.0,71.0,63.0,69.0,,61.0
Cyprus,2012,66,29,,,71.0,63.0,69.0,,62.0
Czech Republic,2023,57,41,,44.0,55.0,59.0,50.0,,50.0
Czech Republic,2022,56,41,,44.0,55.0,59.0,50.0,,47.0
Czech Republic,2021,54,49,,44.0,55.0,59.0,50.0,,45.0
Czech Republic,2020,54,49,,44.0,55.0,59.0,50.0,,48.0
Czech Republic,2019,56,44,,62.0,55.0,59.0,47.0,,48.0
Czech Republic,2018,59,38,,62.0,55.0,71.0,50.0,,47.0
Czech Republic,2017,57,42,,62.0,55.0,59.0,50.0,,48.0
Czech Republic,2016,55,47,,52.0,54.0,59.0,50.0,,46.0
Czech Republic,2015,56,38,,57.0,54.0,63.0,50.0,,53.0
Czech Republic,2014,51,53,,49.0,54.0,63.0,41.0,,48.0
Czech Republic,2013,48,57,,49.0,54.0,52.0,41.0,,34.0
Czech Republic,2012,49,54,,49.0,54.0,52.0,41.0,,34.0
Democratic Republic of the Congo,2023,20,162,27.0,,20.0,22.0,24.0,18.0,26.0
Democratic Republic of the Congo,2022,20,166,27.0,,20.0,22.0,24.0,18.0,17.0
Democratic Republic of the Congo,2021,19,169,27.0,,20.0,22.0,20.0,18.0,13.0
Democratic Republic of the Congo,2020,18,170,24.0,,20.0,22.0,15.0,18.0,16.0
Democratic Republic of the Congo,2019,18,168,24.0,,20.0,22.0,15.0,18.0,16.0
Democratic Republic of the Congo,2018,20,161,32.0,,20.0,22.0,15.0,18.0,22.0
Democratic Republic of the Congo,2017,21,161,32.0,,20.0,22.0,21.0,18.0,23.0
Democratic Republic of the Congo,2016,21,156,32.0,,19.0,22.0,24.0,13.0,20.0
Democratic Republic of the Congo,2015,22,147,37.0,,21.0,22.0,21.0,12.0,
Democratic Republic of the Congo,2014,22,154,37.0,,,22.0,21.0,12.0,
Democratic Republic of the Congo,2013,22,154,37.0,,,22.0,21.0,12.0,
Democratic Republic of the Congo,2012,21,160,32.0,,,22.0,21.0,12.0,
Denmark,2023,90,1,,97.0,90.0,83.0,100.0,,82.0
Denmark,2022,90,1,,97.0,90.0,83.0,100.0,,84.0
Denmark,2021,88,1,,97.0,90.0,83.0,100.0,,78.0
Denmark,2020,88,1,,97.0,90.0,83.0,98.0,,79.0
Denmark,2019,87,1,,97.0,90.0,83.0,93.0,,79.0
Denmark,2018,88,1,,97.0,90.0,83.0,92.0,,79.0
Denmark,2017,88,2,,97.0,90.0,83.0,93.0,,80.0
Denmark,2016,90,1,,99.0,90.0,83.0,93.0,,85.0
Denmark,2015,91,1,,97.0,88.0,83.0,98.0,,89.0
Denmark,2014,92,1,,97.0,88.0,83.0,98.0,,90.0
Denmark,2013,91,1,,97.0,88.0,83.0,98.0,,87.0
Denmark,2012,90,1,,89.0,88.0,83.0,98.0,,86.0
Djibouti,2023,30,130,27.0,,,35.0,,35.0,
Djibouti,2022,30,130,27.0,,,35.0,,35.0,
Djibouti,2021,30,128,27.0,,,35.0,,35.0,
Djibouti,2020,27,142,27.0,,,35.0,,27.0,
Djibouti,2019,30,126,27.0,,,47.0,,27.0,
Djibouti,2018,31,124,24.0,,,47.0,,27.0,
Djibouti,2017,31,122,24.0,,,47.0,,27.0,
Djibouti,2016,30,123,20.0,,,47.0,,24.0,
Djibouti,2015,34,98,27.0,,,52.0,,23.0,
Djibouti,2014,34,107,27.0,,,52.0,,23.0,
Djibouti,2013,36,94,32.0,,,52.0,,23.0,
Djibouti,2012,36,94,32.0,,,52.0,,23.0,
Dominica,2023,56,42,,,,59.0,,52.0,
Dominica,2022,55,45,,,,59.0,,52.0,
Dominica,2021,55,45,,,,59.0,,52.0,
Dominica,2020,55,48,,,,59.0,,52.0,
Dominica,2019,55,48,,,,59.0,,52.0,
Dominica,2018,57,45,,,,59.0,,52.0,
Dominica,2017,57,42,,,,59.0,,52.0,
Dominica,2016,59,38,,,,59.0,,58.0,
Dominica,2014,58,40,,,54.0,63.0,,58.0,
Dominica,2013,58,41,,,54.0,63.0,,58.0,
Dominica,2012,58,41,,,54.0,63.0,,58.0,
Dominican Republic,2023,35,108,,,37.0,35.0,24.0,,36.0
Dominican Republic,2022,32,123,,,37.0,35.0,24.0,,34.0
Dominican Republic,2021,30,128,,,37.0,22.0,30.0,,29.0
Dominican Republic,2020,28,137,,,37.0,22.0,32.0,,30.0
Dominican Republic,2019,28,137,,,37.0,22.0,32.0,,30.0
Dominican Republic,2018,30,129,,,37.0,35.0,32.0,,30.0
Dominican Republic,2017,29,135,,,37.0,35.0,35.0,,19.0
Dominican Republic,2016,31,120,,,37.0,34.0,32.0,,24.0
Dominican Republic,2015,33,102,,,38.0,42.0,31.0,,29.0
Dominican Republic,2014,32,115,,,38.0,42.0,22.0,,36.0
Dominican Republic,2013,29,123,,,38.0,42.0,21.0,,23.0
Dominican Republic,2012,32,118,,,38.0,42.0,31.0,,23.0
Ecuador,2023,34,115,,,37.0,35.0,32.0,,27.0
Ecuador,2022,36,101,,,37.0,35.0,35.0,,33.0
Ecuador,2021,36,105,,,37.0,35.0,41.0,,26.0
Ecuador,2020,39,92,,,37.0,35.0,41.0,,33.0
Ecuador,2019,38,93,,,37.0,35.0,37.0,,33.0
Ecuador,2018,34,114,,,37.0,22.0,32.0,,24.0
Ecuador,2017,32,117,,,37.0,22.0,32.0,,23.0
Ecuador,2016,31,120,,,37.0,22.0,32.0,,33.0
Ecuador,2015,32,106,,,21.0,32.0,31.0,,43.0
Ecuador,2014,33,110,,,21.0,32.0,41.0,,
Ecuador,2013,35,102,,,21.0,32.0,41.0,,46.0
Ecuador,2012,32,118,,,21.0,32.0,41.0,,31.0
Egypt,2023,35,108,,,37.0,35.0,30.0,,64.0
Egypt,2022,30,130,,,37.0,35.0,32.0,,
Egypt,2021,33,117,,,37.0,22.0,32.0,,66.0
Egypt,2020,33,117,,,37.0,22.0,32.0,,62.0
Egypt,2019,35,106,,,37.0,35.0,32.0,,62.0
Egypt,2018,35,105,,,37.0,35.0,32.0,,59.0
Egypt,2017,32,117,,,37.0,22.0,32.0,,50.0
Egypt,2016,34,108,,,37.0,22.0,32.0,,42.0
Egypt,2015,36,88,,,38.0,32.0,31.0,,47.0
Egypt,2014,37,94,,,38.0,32.0,31.0,,50.0
Egypt,2013,32,114,17.0,,38.0,32.0,31.0,,30.0
Egypt,2012,32,118,17.0,,38.0,32.0,31.0,,28.0
El Salvador,2023,31,126,,,37.0,35.0,32.0,,30.0
El Salvador,2022,33,116,,,37.0,35.0,32.0,,29.0
El Salvador,2021,34,115,,,37.0,35.0,34.0,,29.0
El Salvador,2020,36,104,,,37.0,35.0,38.0,,28.0
El Salvador,2019,34,113,,,37.0,35.0,32.0,,28.0
El Salvador,2018,35,105,,,37.0,35.0,32.0,,23.0
El Salvador,2017,33,112,,,37.0,22.0,34.0,,21.0
El Salvador,2016,36,95,,,37.0,22.0,41.0,,32.0
El Salvador,2015,39,72,,,38.0,42.0,41.0,,37.0
El Salvador,2014,39,80,,,38.0,42.0,31.0,,42.0
El Salvador,2013,38,83,,,38.0,42.0,31.0,,35.0
El Salvador,2012,38,83,,,38.0,42.0,41.0,,25.0
Equatorial Guinea,2023,17,172,,,20.0,22.0,,,
Equatorial Guinea,2022,17,171,,,20.0,22.0,,,
Equatorial Guinea,2021,17,172,,,20.0,22.0,,,
Equatorial Guinea,2020,16,174,,,20.0,22.0,,,
Equatorial Guinea,2019,16,173,,,20.0,22.0,,,
Equatorial Guinea,2018,16,172,,,20.0,10.0,,,
Equatorial Guinea,2017,17,171,,,20.0,10.0,,,
Equatorial Guinea,2013,19,163,15.0,,21.0,22.0,,,
Equatorial Guinea,2012,20,163,17.0,,21.0,22.0,,,
Eritrea,2023,21,161,6.0,,,35.0,,27.0,
Eritrea,2022,22,162,4.0,,,35.0,,27.0,
Eritrea,2021,22,161,4.0,,,35.0,,27.0,
Eritrea,2020,21,160,4.0,,,35.0,,27.0,
Eritrea,2019,23,160,4.0,,,35.0,,27.0,
Eritrea,2018,24,157,4.0,,,35.0,,18.0,
Eritrea,2017,20,165,4.0,,,35.0,,18.0,
Eritrea,2016,18,164,0.0,,,34.0,,13.0,
Eritrea,2015,18,154,7.0,,,42.0,,12.0,
Eritrea,2014,18,166,10.0,,,42.0,,12.0,
Eritrea,2013,20,160,5.0,,,52.0,,12.0,
Eritrea,2012,25,150,17.0,,,52.0,,12.0,
Estonia,2023,76,12,,88.0,72.0,71.0,67.0,,73.0
Estonia,2022,74,14,,88.0,72.0,71.0,67.0,,68.0
Estonia,2021,74,13,,88.0,72.0,71.0,67.0,,78.0
Estonia,2020,75,17,,88.0,72.0,71.0,67.0,,74.0
Estonia,2019,74,18,,79.0,72.0,71.0,67.0,,74.0
Estonia,2018,73,18,,79.0,72.0,71.0,67.0,,71.0
Estonia,2017,71,21,,79.0,55.0,71.0,67.0,,71.0
Estonia,2016,70,22,,80.0,54.0,71.0,67.0,,76.0
Estonia,2015,70,23,,81.0,54.0,63.0,69.0,,79.0
Estonia,2014,69,27,,81.0,54.0,63.0,60.0,,77.0
Estonia,2013,68,28,,81.0,54.0,63.0,60.0,,70.0
Estonia,2012,64,32,,,54.0,63.0,50.0,,64.0
Eswatini,2023,30,130,,,,35.0,,,
Eswatini,2022,30,130,,,,35.0,,,
Eswatini,2021,32,122,,,,35.0,,,
Eswatini,2020,33,117,,,,35.0,,,43.0
Eswatini,2019,34,113,,,,35.0,,,43.0
Eswatini,2018,38,89,,,,35.0,,,47.0
Eswatini,2017,39,85,,,,35.0,,,50.0
Eswatini,2014,43,69,,,38.0,42.0,,,48.0
Eswatini,2013,39,82,35.0,,38.0,42.0,,,42.0
Eswatini,2012,37,88,32.0,,38.0,42.0,,,35.0
Ethiopia,2023,37,98,39.0,,37.0,47.0,32.0,35.0,
Ethiopia,2022,38,94,44.0,,37.0,47.0,32.0,35.0,
Ethiopia,2021,39,87,44.0,,37.0,47.0,40.0,35.0,
Ethiopia,2020,38,94,37.0,,37.0,47.0,40.0,35.0,34.0
Ethiopia,2019,37,96,37.0,,37.0,47.0,32.0,35.0,34.0
Ethiopia,2018,34,114,37.0,,37.0,35.0,32.0,35.0,
Ethiopia,2017,35,107,37.0,,37.0,35.0,32.0,35.0,37.0
Ethiopia,2016,34,108,38.0,,37.0,34.0,32.0,35.0,37.0
Ethiopia,2015,33,102,42.0,,38.0,22.0,31.0,35.0,42.0
Ethiopia,2014,33,110,42.0,,38.0,22.0,31.0,35.0,35.0
Ethiopia,2013,33,111,42.0,,38.0,32.0,21.0,35.0,35.0
Ethiopia,2012,33,113,32.0,,38.0,32.0,31.0,35.0,36.0
Fiji,2023,52,53,,,,59.0,,43.0,
Fiji,2022,53,49,,,,59.0,,43.0,
Fiji,2021,55,45,,,,59.0,,43.0,
Finland,2023,87,2,,88.0,90.0,83.0,93.0,,87.0
Finland,2022,87,2,,88.0,90.0,83.0,93.0,,87.0
Finland,2021,88,1,,88.0,90.0,83.0,93.0,,91.0
Finland,2020,85,3,,88.0,72.0,83.0,93.0,,93.0
Finland,2019,86,3,,88.0,72.0,83.0,93.0,,93.0
Finland,2018,85,3,,88.0,72.0,83.0,93.0,,90.0
Finland,2017,85,3,,88.0,72.0,83.0,93.0,,92.0
Finland,2016,89,3,,90.0,90.0,83.0,93.0,,91.0
Finland,2015,90,3,,89.0,88.0,83.0,98.0,,93.0
Finland,2014,89,3,,89.0,88.0,83.0,98.0,,94.0
Finland,2013,89,3,,89.0,88.0,83.0,98.0,,90.0
Finland,2012,90,1,,89.0,88.0,83.0,100.0,,91.0
France,2023,71,20,,70.0,72.0,71.0,70.0,,70.0
France,2022,72,21,,70.0,72.0,71.0,67.0,,75.0
France,2021,71,22,,70.0,72.0,59.0,67.0,,77.0
France,2020,69,23,,70.0,72.0,71.0,67.0,,55.0
France,2019,69,23,,70.0,72.0,71.0,67.0,,55.0
France,2018,72,21,,70.0,72.0,71.0,67.0,,76.0
France,2017,70,23,,62.0,72.0,71.0,73.0,,69.0
France,2016,69,23,,52.0,72.0,71.0,76.0,,69.0
France,2015,70,23,,57.0,71.0,73.0,79.0,,70.0
France,2014,69,27,,57.0,71.0,73.0,69.0,,67.0
France,2013,71,22,,57.0,71.0,73.0,79.0,,68.0
France,2012,71,22,,57.0,71.0,73.0,79.0,,67.0
Gabon,2023,28,136,,,37.0,35.0,24.0,,
Gabon,2022,29,136,,,37.0,35.0,32.0,,
Gabon,2021,31,124,,,37.0,35.0,32.0,,
Gabon,2020,30,129,,,37.0,35.0,32.0,,29.0
Gabon,2019,31,123,,,37.0,35.0,32.0,,29.0
Gabon,2018,31,124,,,37.0,35.0,32.0,,
Gabon,2017,32,117,,,37.0,35.0,32.0,,
Gabon,2016,35,101,,,37.0,34.0,32.0,,36.0
Gabon,2015,34,98,,,38.0,32.0,31.0,,36.0
Gabon,2014,37,94,,,38.0,32.0,31.0,,49.0
Gabon,2013,34,106,32.0,,38.0,32.0,31.0,,38.0
Gabon,2012,35,102,32.0,,38.0,32.0,31.0,,42.0
Gambia,2022,34,110,16.0,,,47.0,39.0,27.0,
Gambia,2021,37,102,16.0,,,47.0,41.0,27.0,54.0
Gambia,2020,37,102,11.0,,,47.0,41.0,27.0,50.0
Gambia,2019,37,96,11.0,,,47.0,34.0,27.0,50.0
Gambia,2018,37,93,9.0,,,47.0,24.0,18.0,57.0
Gambia,2017,30,130,9.0,,,35.0,29.0,18.0,53.0
Gambia,2016,26,145,5.0,,,34.0,32.0,13.0,44.0
Gambia,2015,28,123,15.0,,,32.0,31.0,12.0,49.0
Gambia,2014,29,126,15.0,,,32.0,31.0,12.0,54.0
Gambia,2013,28,127,17.0,,,32.0,31.0,12.0,50.0
Gambia,2012,34,105,17.0,,,32.0,41.0,23.0,57.0
Gambia,2023,37,98,21.0,,,47.0,41.0,35.0,
Georgia,2023,53,49,,,,35.0,,,64.0
Georgia,2022,56,41,,,,47.0,,,65.0
Georgia,2021,55,45,,,,47.0,,,60.0
Georgia,2020,56,45,,,,47.0,,,
Georgia,2019,56,44,,,,47.0,,,
Georgia,2018,58,41,,,,47.0,,,70.0
Georgia,2017,56,46,,,,47.0,,,59.0
Georgia,2016,57,44,,,,47.0,,,68.0
Georgia,2015,52,48,,,,32.0,,,69.0
Georgia,2014,52,51,,,,32.0,,47.0,77.0
Georgia,2013,49,55,,,,22.0,,47.0,64.0
Georgia,2012,52,51,,,,32.0,,47.0,68.0
Germany,2023,78,9,,79.0,90.0,71.0,83.0,,60.0
Germany,2022,79,9,,79.0,90.0,71.0,85.0,,60.0
Germany,2021,80,10,,79.0,90.0,83.0,85.0,,63.0
Germany,2020,80,9,,79.0,90.0,83.0,85.0,,61.0
Germany,2019,80,9,,79.0,90.0,83.0,85.0,,61.0
Germany,2018,80,11,,79.0,90.0,83.0,85.0,,66.0
Germany,2017,81,12,,79.0,90.0,83.0,85.0,,74.0
Germany,2016,81,10,,80.0,90.0,83.0,85.0,,67.0
Germany,2015,81,11,,81.0,88.0,73.0,89.0,,72.0
Germany,2014,79,12,,73.0,88.0,73.0,89.0,,75.0
Germany,2013,78,12,,73.0,88.0,73.0,89.0,,73.0
Germany,2012,79,13,,73.0,88.0,73.0,89.0,,78.0
Ghana,2023,43,70,49.0,,55.0,47.0,50.0,43.0,36.0
Ghana,2022,43,72,49.0,,55.0,35.0,50.0,43.0,43.0
Ghana,2021,43,73,49.0,,55.0,47.0,50.0,43.0,34.0
Ghana,2020,43,75,47.0,,55.0,47.0,50.0,43.0,30.0
Ghana,2019,41,80,47.0,,55.0,35.0,50.0,43.0,30.0
Ghana,2018,41,78,47.0,,55.0,35.0,45.0,43.0,37.0
Ghana,2017,40,81,47.0,,55.0,35.0,47.0,35.0,35.0
Ghana,2016,43,70,53.0,,54.0,34.0,50.0,47.0,30.0
Ghana,2015,47,56,55.0,,54.0,52.0,50.0,47.0,33.0
Ghana,2014,48,61,55.0,,54.0,52.0,41.0,58.0,37.0
Ghana,2013,46,63,55.0,,54.0,52.0,41.0,58.0,40.0
Ghana,2012,45,64,55.0,,54.0,52.0,41.0,58.0,29.0
Greece,2023,49,59,,62.0,37.0,59.0,35.0,,47.0
Greece,2022,52,51,,62.0,37.0,59.0,41.0,,50.0
Greece,2021,49,58,,53.0,37.0,47.0,41.0,,48.0
Greece,2020,50,59,,53.0,37.0,59.0,41.0,,44.0
Greece,2019,48,60,,53.0,37.0,59.0,41.0,,44.0
Greece,2018,45,67,,53.0,37.0,47.0,41.0,,41.0
Greece,2017,48,59,,53.0,37.0,59.0,41.0,,41.0
Greece,2016,44,69,,52.0,37.0,47.0,41.0,,42.0
Greece,2015,46,58,,57.0,21.0,63.0,41.0,,45.0
Greece,2014,43,69,,57.0,21.0,63.0,31.0,,44.0
Greece,2013,40,80,,57.0,21.0,42.0,31.0,,37.0
Greece,2012,36,94,,41.0,21.0,42.0,31.0,,30.0
Grenada,2023,53,49,,,,47.0,,52.0,
Grenada,2022,52,51,,,,47.0,,52.0,
Grenada,2021,53,52,,,,47.0,,52.0,
Grenada,2020,53,52,,,,47.0,,52.0,
Grenada,2019,53,51,,,,47.0,,52.0,
Grenada,2018,52,53,,,,47.0,,52.0,
Grenada,2017,52,52,,,,47.0,,52.0,
Grenada,2016,56,46,,,,47.0,,58.0,
Guatemala,2023,23,154,,,20.0,22.0,24.0,,32.0
Guatemala,2022,24,150,,,20.0,22.0,24.0,,33.0
Guatemala,2021,25,150,,,20.0,22.0,30.0,,31.0
Guatemala,2020,25,149,,,20.0,22.0,32.0,,32.0
Guatemala,2019,26,146,,,20.0,22.0,32.0,,32.0
Guatemala,2018,27,144,,,20.0,22.0,32.0,,32.0
Guatemala,2017,28,143,,,20.0,22.0,32.0,,30.0
Guatemala,2016,28,136,,,19.0,22.0,32.0,,35.0
Guatemala,2015,28,123,,,21.0,32.0,31.0,,38.0
Guatemala,2014,32,115,,,21.0,32.0,31.0,,42.0
Guatemala,2013,29,123,,,21.0,32.0,31.0,,32.0
Guatemala,2012,33,113,,,38.0,32.0,31.0,,34.0
Guinea,2023,26,141,27.0,,,35.0,24.0,27.0,
Guinea,2022,25,147,27.0,,,35.0,24.0,27.0,
Guinea,2021,25,150,27.0,,,35.0,24.0,27.0,18.0
Guinea,2020,28,137,27.0,,,35.0,24.0,27.0,38.0
Guinea,2019,29,130,27.0,,,35.0,24.0,27.0,38.0
Guinea,2018,28,138,27.0,,,35.0,24.0,27.0,
Guinea,2017,27,148,27.0,,,35.0,24.0,27.0,19.0
Guinea,2016,27,142,26.0,,,22.0,24.0,24.0,
Guinea,2015,25,139,32.0,,,22.0,21.0,23.0,15.0
Guinea,2014,25,145,32.0,,21.0,22.0,21.0,23.0,15.0
Guinea,2013,24,150,32.0,,21.0,22.0,21.0,12.0,19.0
Guinea,2012,24,154,32.0,,21.0,22.0,21.0,12.0,25.0
Guinea-Bissau,2023,22,158,14.0,,,22.0,35.0,10.0,
Guinea-Bissau,2022,21,164,14.0,,,22.0,32.0,10.0,
Guinea-Bissau,2021,21,162,14.0,,,22.0,32.0,10.0,
Guinea-Bissau,2020,19,165,11.0,,,22.0,29.0,10.0,
Guinea-Bissau,2019,18,168,11.0,,,22.0,19.0,10.0,
Guinea-Bissau,2018,16,172,16.0,,,22.0,15.0,10.0,
Guinea-Bissau,2017,17,171,16.0,,,22.0,15.0,18.0,
Guinea-Bissau,2016,16,168,14.0,,,22.0,15.0,13.0,
Guinea-Bissau,2015,17,158,20.0,,,22.0,12.0,12.0,
Guinea-Bissau,2014,19,161,20.0,,,22.0,21.0,12.0,
Guinea-Bissau,2013,19,163,20.0,,,22.0,21.0,12.0,
Guinea-Bissau,2012,25,150,25.0,,,22.0,31.0,23.0,
Guyana,2023,40,87,,,,35.0,41.0,35.0,
Guyana,2022,40,85,,,,35.0,41.0,35.0,
Guyana,2021,39,87,,,,35.0,41.0,35.0,
Guyana,2020,41,83,,,,35.0,41.0,35.0,
Guyana,2019,40,85,,,,35.0,41.0,35.0,
Guyana,2018,37,93,,,,35.0,38.0,35.0,
Guyana,2017,38,91,,,,35.0,38.0,35.0,
Guyana,2016,34,108,,,,34.0,25.0,35.0,25.0
Guyana,2015,29,119,,,,32.0,21.0,35.0,29.0
Guyana,2014,30,124,,,,32.0,21.0,35.0,33.0
Guyana,2013,27,136,,,,32.0,21.0,23.0,33.0
Guyana,2012,28,133,,,,32.0,31.0,23.0,26.0
Haiti,2023,17,172,,,,22.0,15.0,10.0,
Haiti,2022,17,171,,,,22.0,15.0,10.0,
Haiti,2021,20,164,,,,22.0,22.0,18.0,
Haiti,2020,18,170,,,,22.0,24.0,27.0,5.0
Haiti,2019,18,168,,,,22.0,24.0,27.0,5.0
Haiti,2018,20,161,,,,22.0,24.0,27.0,10.0
Haiti,2017,22,157,,,,22.0,19.0,27.0,18.0
Haiti,2016,20,159,,,,22.0,15.0,24.0,20.0
Haiti,2015,17,158,,,,11.0,12.0,23.0,24.0
Haiti,2014,19,161,,,,11.0,12.0,23.0,23.0
Haiti,2013,19,163,,,,11.0,12.0,23.0,26.0
Haiti,2012,19,165,,,,11.0,12.0,23.0,23.0
Honduras,2023,23,154,,,20.0,22.0,24.0,27.0,20.0
Honduras,2022,23,157,,,20.0,22.0,24.0,27.0,23.0
Honduras,2021,23,157,,,20.0,22.0,30.0,27.0,21.0
Honduras,2020,24,157,,,20.0,22.0,35.0,27.0,
Honduras,2019,26,146,,,20.0,22.0,41.0,35.0,
Honduras,2018,29,132,,,20.0,22.0,34.0,35.0,39.0
Honduras,2017,29,135,,,20.0,22.0,38.0,35.0,34.0
Honduras,2016,30,123,,,19.0,22.0,41.0,35.0,26.0
Honduras,2015,31,111,,,21.0,22.0,41.0,35.0,45.0
Honduras,2014,29,126,,,21.0,22.0,21.0,35.0,41.0
Honduras,2013,26,140,,,21.0,22.0,21.0,35.0,25.0
Honduras,2012,28,133,,,21.0,22.0,31.0,35.0,28.0
Hong Kong,2022,76,12,,,90.0,71.0,67.0,,80.0
Hong Kong,2021,76,12,,,90.0,71.0,69.0,,83.0
Hong Kong,2020,77,11,,,90.0,71.0,76.0,,84.0
Hong Kong,2019,76,16,,,90.0,71.0,76.0,,84.0
Hong Kong,2018,76,14,,,72.0,83.0,76.0,,84.0
Hong Kong,2017,77,13,,,72.0,83.0,70.0,,83.0
Hong Kong,2016,77,15,,,72.0,83.0,67.0,,82.0
Hong Kong,2015,75,18,,,71.0,73.0,69.0,,87.0
Hong Kong,2014,74,17,,,71.0,73.0,69.0,,87.0
Hong Kong,2013,75,15,,,71.0,73.0,69.0,,83.0
Hong Kong,2012,77,14,,,71.0,73.0,79.0,,82.0
Hong Kong,2023,75,14,,,90.0,59.0,67.0,,81.0
Hungary,2023,42,76,,26.0,55.0,47.0,41.0,,50.0
Hungary,2022,42,77,,26.0,55.0,59.0,41.0,,39.0
Hungary,2021,43,73,,35.0,55.0,59.0,48.0,,36.0
Hungary,2020,44,69,,35.0,55.0,59.0,50.0,,38.0
Hungary,2019,44,70,,35.0,55.0,59.0,50.0,,38.0
Hungary,2018,46,64,,35.0,55.0,59.0,50.0,,35.0
Hungary,2017,45,66,,35.0,55.0,59.0,50.0,,35.0
Hungary,2016,48,57,,33.0,54.0,59.0,50.0,,43.0
Hungary,2015,51,50,,41.0,71.0,63.0,50.0,,47.0
Hungary,2014,54,48,,49.0,71.0,63.0,50.0,,46.0
Hungary,2013,54,47,,49.0,71.0,63.0,50.0,,39.0
Hungary,2012,55,46,,49.0,71.0,63.0,50.0,,40.0
Iceland,2023,72,19,,44.0,72.0,71.0,76.0,,77.0
Iceland,2022,74,14,,44.0,72.0,83.0,76.0,,80.0
Iceland,2021,74,13,,44.0,72.0,83.0,76.0,,82.0
Iceland,2020,75,17,,44.0,72.0,83.0,78.0,,87.0
Iceland,2019,78,11,,53.0,72.0,83.0,85.0,,87.0
Iceland,2018,76,14,,53.0,72.0,83.0,85.0,,85.0
Iceland,2017,77,13,,53.0,72.0,83.0,85.0,,83.0
Iceland,2016,78,14,,61.0,72.0,83.0,85.0,,85.0
Iceland,2015,79,13,,65.0,,73.0,89.0,,87.0
Iceland,2014,79,12,,73.0,71.0,73.0,88.0,,87.0
Iceland,2013,78,12,,73.0,71.0,73.0,89.0,,76.0
Iceland,2012,82,11,,89.0,71.0,73.0,98.0,,81.0
India,2023,39,93,,,37.0,47.0,41.0,,39.0
India,2022,40,85,,,37.0,47.0,41.0,,39.0
India,2021,40,85,,,37.0,47.0,41.0,,40.0
India,2020,40,86,,,37.0,47.0,41.0,,43.0
India,2019,41,80,,,37.0,47.0,41.0,,43.0
India,2018,41,78,,,37.0,47.0,41.0,,56.0
India,2017,40,81,,,37.0,35.0,41.0,,54.0
India,2016,40,79,,,37.0,34.0,41.0,,54.0
India,2015,38,76,,,38.0,32.0,41.0,,54.0
India,2014,38,85,,,38.0,32.0,41.0,47.0,45.0
India,2013,36,94,,,38.0,32.0,41.0,47.0,31.0
India,2012,36,94,,,38.0,32.0,41.0,47.0,37.0
Indonesia,2023,34,115,,,37.0,47.0,32.0,,
Indonesia,2022,34,110,,,37.0,47.0,35.0,,
Indonesia,2021,38,96,,,37.0,47.0,48.0,,53.0
Indonesia,2020,37,102,,,37.0,35.0,50.0,,46.0
Indonesia,2019,40,85,,,37.0,47.0,59.0,,46.0
Indonesia,2018,38,89,,,37.0,47.0,50.0,,50.0
Indonesia,2017,37,96,,,37.0,35.0,50.0,,50.0
Indonesia,2016,37,90,,,37.0,34.0,50.0,,40.0
Indonesia,2015,36,88,,,38.0,32.0,50.0,,43.0
Indonesia,2014,34,107,,,21.0,32.0,50.0,,43.0
Indonesia,2013,32,114,,,21.0,22.0,50.0,,39.0
Indonesia,2012,32,118,,,21.0,32.0,50.0,,36.0
Iran,2022,25,147,,,20.0,35.0,24.0,,31.0
Iran,2021,25,150,,,20.0,35.0,24.0,,29.0
Iran,2020,25,149,,,20.0,35.0,24.0,,28.0
Iran,2019,26,146,,,20.0,35.0,24.0,,28.0
Iran,2018,28,138,,,20.0,35.0,24.0,,33.0
Iran,2017,30,130,,,20.0,35.0,24.0,,43.0
Iran,2016,29,131,,,19.0,34.0,24.0,,34.0
Iran,2015,27,130,,,21.0,22.0,21.0,,41.0
Iran,2014,27,136,,,21.0,22.0,21.0,,40.0
Iran,2013,25,144,,,21.0,22.0,21.0,,32.0
Iran,2012,28,133,,,21.0,22.0,21.0,,43.0
Iran,2023,24,149,,,20.0,35.0,22.0,,
Iraq,2023,23,154,,,20.0,10.0,32.0,,
Iraq,2022,23,157,,,20.0,10.0,32.0,,
Iraq,2021,23,157,,,20.0,10.0,32.0,,
Iraq,2020,21,160,,,20.0,10.0,24.0,,
Iraq,2019,20,162,,,20.0,10.0,19.0,,
Iraq,2018,18,168,,,20.0,10.0,15.0,,
Iraq,2017,18,169,,,20.0,10.0,15.0,,
Iraq,2016,17,166,,,19.0,10.0,15.0,,
Iraq,2015,16,161,,,21.0,11.0,12.0,,
Iraq,2014,16,170,,,21.0,11.0,12.0,,
Iraq,2013,16,171,,,21.0,11.0,12.0,,
Iraq,2012,18,169,,,21.0,11.0,21.0,,
Ireland,2023,77,11,,79.0,72.0,71.0,76.0,,74.0
Ireland,2022,77,10,,79.0,72.0,71.0,76.0,,80.0
Ireland,2021,74,13,,70.0,72.0,71.0,76.0,,77.0
Ireland,2020,72,20,,70.0,55.0,71.0,76.0,,79.0
Ireland,2019,74,18,,79.0,55.0,71.0,76.0,,79.0
Ireland,2018,73,18,,79.0,55.0,71.0,76.0,,79.0
Ireland,2017,74,19,,79.0,55.0,71.0,76.0,,79.0
Ireland,2016,73,19,,71.0,54.0,71.0,76.0,,83.0
Ireland,2015,75,18,,73.0,54.0,73.0,79.0,,89.0
Ireland,2014,74,17,,73.0,54.0,73.0,69.0,,87.0
Ireland,2013,72,21,,73.0,54.0,73.0,69.0,,82.0
Ireland,2012,69,25,,65.0,54.0,73.0,69.0,,78.0
Israel,2023,62,33,,62.0,72.0,59.0,50.0,,
Israel,2022,63,31,,62.0,72.0,59.0,50.0,,67.0
Israel,2021,59,36,,62.0,55.0,59.0,50.0,,68.0
Israel,2020,60,35,,62.0,55.0,59.0,55.0,,66.0
Israel,2019,60,35,,62.0,55.0,59.0,59.0,,66.0
Israel,2018,61,34,,62.0,55.0,59.0,59.0,,64.0
Israel,2017,62,32,,62.0,55.0,59.0,59.0,,70.0
Israel,2016,64,28,,61.0,72.0,59.0,58.0,,69.0
Israel,2015,61,32,,65.0,71.0,52.0,60.0,,64.0
Israel,2014,60,38,,65.0,54.0,52.0,60.0,,60.0
Israel,2013,61,36,,65.0,54.0,63.0,60.0,,63.0
Israel,2012,60,39,,,54.0,52.0,60.0,,68.0
Italy,2023,56,42,,62.0,55.0,59.0,50.0,,47.0
Italy,2022,56,41,,62.0,55.0,59.0,50.0,,52.0
Italy,2021,56,42,,62.0,55.0,59.0,50.0,,54.0
Italy,2020,53,52,,62.0,37.0,59.0,50.0,,51.0
Italy,2019,53,51,,62.0,37.0,59.0,50.0,,51.0
Italy,2018,52,53,,62.0,37.0,59.0,50.0,,47.0
Italy,2017,50,54,,62.0,37.0,59.0,44.0,,44.0
Italy,2016,47,60,,52.0,37.0,59.0,41.0,,47.0
Italy,2015,44,61,,49.0,38.0,42.0,41.0,,47.0
Italy,2014,43,69,,49.0,38.0,42.0,41.0,,42.0
Italy,2013,43,69,,49.0,38.0,42.0,41.0,,38.0
Italy,2012,42,72,,41.0,38.0,42.0,41.0,,37.0
Jamaica,2023,44,69,,,37.0,35.0,41.0,,38.0
Jamaica,2022,44,69,,,37.0,35.0,41.0,,
Jamaica,2021,44,70,,,37.0,35.0,41.0,,
Jamaica,2020,44,69,,,37.0,35.0,41.0,,38.0
Jamaica,2019,43,74,,,37.0,35.0,41.0,,38.0
Jamaica,2018,44,70,,,37.0,35.0,41.0,,45.0
Jamaica,2017,44,68,,,37.0,35.0,41.0,,43.0
Jamaica,2016,39,83,,,37.0,34.0,41.0,,41.0
Jamaica,2015,41,69,,,38.0,42.0,41.0,,42.0
Jamaica,2014,38,85,,,38.0,42.0,31.0,,43.0
Jamaica,2013,38,83,,,38.0,42.0,31.0,,39.0
Jamaica,2012,38,83,,,38.0,42.0,31.0,,37.0
Japan,2023,73,16,,53.0,72.0,71.0,67.0,,83.0
Japan,2022,73,18,,53.0,72.0,71.0,67.0,,88.0
Japan,2021,73,18,,53.0,72.0,71.0,67.0,,93.0
Japan,2020,74,19,,53.0,72.0,71.0,67.0,,92.0
Japan,2019,73,20,,53.0,72.0,71.0,67.0,,92.0
Japan,2018,73,18,,53.0,72.0,71.0,74.0,,81.0
Japan,2017,73,20,,53.0,72.0,71.0,76.0,,78.0
Japan,2016,72,20,,52.0,72.0,71.0,76.0,,78.0
Japan,2015,75,18,,57.0,71.0,73.0,79.0,,84.0
Japan,2014,76,15,,57.0,71.0,73.0,79.0,,87.0
Japan,2013,74,18,,57.0,71.0,73.0,79.0,,81.0
Japan,2012,74,17,,57.0,71.0,73.0,79.0,,79.0
Jordan,2023,46,63,,,55.0,35.0,41.0,,
Jordan,2022,47,61,,,55.0,35.0,41.0,,60.0
Jordan,2021,49,58,,,55.0,35.0,46.0,,63.0
Jordan,2020,49,60,,,55.0,35.0,50.0,,62.0
Jordan,2019,48,60,,,55.0,35.0,50.0,,62.0
Jordan,2018,49,58,,,55.0,35.0,50.0,,63.0
Jordan,2017,48,59,,,55.0,35.0,50.0,,60.0
Jordan,2016,48,57,,,54.0,34.0,50.0,,60.0
Jordan,2015,53,45,,,54.0,52.0,50.0,,60.0
Jordan,2014,49,55,,,54.0,52.0,41.0,,52.0
Jordan,2013,45,66,,,54.0,42.0,41.0,,44.0
Jordan,2012,48,58,,,38.0,52.0,50.0,,57.0
Kazakhstan,2023,39,93,,,20.0,47.0,67.0,,30.0
Kazakhstan,2022,36,101,,,20.0,47.0,67.0,,26.0
Kazakhstan,2021,37,102,,,20.0,35.0,64.0,,33.0
Kazakhstan,2020,38,94,,,20.0,47.0,58.0,,47.0
Kazakhstan,2019,34,113,,,20.0,35.0,43.0,,47.0
Kazakhstan,2018,31,124,,,20.0,35.0,27.0,,46.0
Kazakhstan,2017,31,122,,,20.0,35.0,24.0,,36.0
Kazakhstan,2016,29,131,,,19.0,34.0,24.0,,45.0
Kazakhstan,2015,28,123,,,21.0,11.0,21.0,,51.0
Kazakhstan,2014,29,126,,,21.0,11.0,21.0,,45.0
Kazakhstan,2013,26,140,,,21.0,11.0,21.0,,39.0
Kazakhstan,2012,28,133,,,21.0,11.0,21.0,,48.0
Kenya,2023,31,126,29.0,,20.0,35.0,41.0,43.0,28.0
Kenya,2022,32,123,32.0,,20.0,35.0,41.0,43.0,29.0
Kenya,2021,30,128,32.0,,20.0,35.0,41.0,35.0,25.0
Kenya,2020,31,124,27.0,,20.0,35.0,41.0,35.0,24.0
Kenya,2019,28,137,27.0,,20.0,35.0,36.0,35.0,24.0
Kenya,2018,27,144,29.0,,20.0,22.0,25.0,35.0,34.0
Kenya,2017,28,143,29.0,,20.0,22.0,29.0,35.0,37.0
Kenya,2016,26,145,29.0,,19.0,22.0,24.0,35.0,30.0
Kenya,2015,25,139,35.0,,21.0,11.0,21.0,35.0,30.0
Kenya,2014,25,145,35.0,,21.0,11.0,21.0,35.0,33.0
Kenya,2013,27,136,35.0,,21.0,22.0,21.0,35.0,37.0
Kenya,2012,27,139,32.0,,21.0,22.0,31.0,35.0,27.0
Kosovo,2023,41,83,,,,35.0,,43.0,
Kosovo,2022,41,84,,,,35.0,,43.0,
Kosovo,2021,39,87,,,,35.0,,35.0,
Kosovo,2020,36,104,,,,35.0,,35.0,
Kosovo,2019,36,101,,,,35.0,,35.0,
Kosovo,2018,37,93,,,,35.0,,35.0,
Kosovo,2017,39,85,,,,47.0,,35.0,
Kosovo,2016,36,95,,,,47.0,,35.0,
Kosovo,2015,33,102,,,,,,35.0,
Kosovo,2014,33,110,,,,,,35.0,
Kosovo,2013,33,111,,,,,,35.0,
Kosovo,2012,34,105,,,,,,35.0,
Kuwait,2023,46,63,,,37.0,35.0,47.0,,53.0
Kuwait,2022,42,77,,,37.0,35.0,41.0,,50.0
Kuwait,2021,43,73,,,37.0,35.0,41.0,,53.0
Kuwait,2020,42,78,,,37.0,35.0,41.0,,48.0
Kuwait,2019,40,85,,,37.0,35.0,41.0,,48.0
Kuwait,2018,41,78,,,37.0,35.0,41.0,,56.0
Kuwait,2017,39,85,,,37.0,35.0,47.0,,46.0
Kuwait,2016,41,75,,,37.0,34.0,50.0,,43.0
Kuwait,2015,49,55,,,38.0,63.0,50.0,,52.0
Kuwait,2014,44,67,,,38.0,63.0,41.0,,46.0
Kuwait,2013,43,69,,,38.0,52.0,41.0,,51.0
Kuwait,2012,44,66,,,38.0,52.0,50.0,,46.0
Kyrgyzstan,2023,26,141,,,,22.0,,27.0,39.0
Kyrgyzstan,2022,27,140,,,,22.0,,35.0,27.0
Kyrgyzstan,2021,27,144,,,,22.0,,35.0,30.0
Kyrgyzstan,2020,31,124,,,,35.0,,35.0,26.0
Kyrgyzstan,2019,30,126,,,,35.0,,35.0,26.0
Kyrgyzstan,2018,29,132,,,,22.0,,35.0,31.0
Kyrgyzstan,2017,29,135,,,,22.0,,35.0,31.0
Kyrgyzstan,2016,28,136,,,,22.0,,35.0,23.0
Kyrgyzstan,2015,28,123,,,,32.0,,35.0,25.0
Kyrgyzstan,2014,27,136,,,,32.0,,35.0,28.0
Kyrgyzstan,2013,24,150,,,,22.0,,35.0,22.0
Kyrgyzstan,2012,24,154,,,,32.0,,23.0,23.0
Laos,2023,28,136,,,,35.0,,27.0,
Laos,2022,31,126,,,,35.0,,27.0,47.0
Laos,2021,30,128,,,,35.0,,27.0,43.0
Laos,2020,29,134,,,,35.0,,27.0,46.0
Laos,2019,29,130,,,,35.0,,27.0,46.0
Laos,2018,29,132,,,,35.0,,27.0,47.0
Laos,2017,29,135,,,,35.0,,27.0,50.0
Laos,2016,30,123,,,,34.0,,24.0,45.0
Laos,2015,25,139,,,,22.0,,23.0,40.0
Laos,2014,25,145,,,,22.0,,23.0,36.0
Laos,2013,26,140,,,,22.0,,23.0,41.0
Laos,2012,21,160,,,,22.0,,23.0,
Latvia,2023,60,36,,70.0,55.0,59.0,43.0,,
Latvia,2022,59,39,,70.0,55.0,59.0,41.0,,52.0
Latvia,2021,59,36,,70.0,55.0,59.0,41.0,,59.0
Latvia,2020,57,42,,70.0,55.0,59.0,41.0,,43.0
Latvia,2019,56,44,,70.0,55.0,59.0,41.0,,43.0
Latvia,2018,58,41,,70.0,55.0,59.0,52.0,,49.0
Latvia,2017,58,40,,70.0,55.0,59.0,53.0,,42.0
Latvia,2016,57,44,,71.0,54.0,59.0,50.0,,48.0
Latvia,2015,56,38,,73.0,54.0,52.0,50.0,,56.0
Latvia,2014,55,44,,73.0,54.0,52.0,41.0,,58.0
Latvia,2013,53,49,,73.0,54.0,52.0,41.0,,49.0
Latvia,2012,49,54,,,54.0,52.0,31.0,,44.0
Lebanon,2023,24,149,,,20.0,22.0,29.0,,
Lebanon,2022,24,150,,,20.0,22.0,27.0,,23.0
Lebanon,2021,24,154,,,20.0,22.0,24.0,,26.0
Lebanon,2020,25,149,,,20.0,22.0,24.0,,32.0
Lebanon,2019,28,137,,,37.0,22.0,24.0,,32.0
Lebanon,2018,28,138,,,37.0,22.0,24.0,,32.0
Lebanon,2017,28,143,,,37.0,22.0,29.0,,31.0
Lebanon,2016,28,136,,,37.0,22.0,32.0,,23.0
Lebanon,2015,28,123,,,38.0,32.0,21.0,,35.0
Lebanon,2014,27,136,,,38.0,32.0,21.0,,16.0
Lebanon,2013,28,127,,,38.0,32.0,21.0,,17.0
Lebanon,2012,30,128,,,38.0,32.0,31.0,,24.0
Lesotho,2023,39,93,24.0,,,59.0,,35.0,
Lesotho,2022,37,99,24.0,,,59.0,,35.0,27.0
Lesotho,2021,38,96,24.0,,,59.0,,35.0,27.0
Lesotho,2020,41,83,37.0,,,59.0,,35.0,32.0
Lesotho,2019,40,85,37.0,,,59.0,,35.0,32.0
Lesotho,2018,41,78,37.0,,,59.0,,35.0,36.0
Lesotho,2017,42,74,37.0,,,59.0,,35.0,32.0
Lesotho,2016,39,83,38.0,,,59.0,,35.0,20.0
Lesotho,2015,44,61,42.0,,,63.0,,35.0,38.0
Lesotho,2014,49,55,42.0,,,63.0,,47.0,49.0
Lesotho,2013,49,55,42.0,,,63.0,,47.0,47.0
Lesotho,2012,45,64,40.0,,,63.0,,47.0,37.0
Liberia,2023,25,145,34.0,,,22.0,32.0,27.0,
Liberia,2022,26,142,34.0,,,22.0,32.0,27.0,
Liberia,2021,29,136,34.0,,,22.0,40.0,27.0,37.0
Liberia,2020,28,137,34.0,,,22.0,35.0,27.0,
Liberia,2019,28,137,34.0,,,22.0,32.0,27.0,
Liberia,2018,32,120,39.0,,,22.0,40.0,35.0,37.0
Liberia,2017,31,122,39.0,,,22.0,41.0,35.0,30.0
Liberia,2016,37,90,41.0,,,34.0,41.0,35.0,45.0
Liberia,2015,37,83,45.0,,,32.0,41.0,35.0,44.0
Liberia,2014,37,94,45.0,,,32.0,41.0,35.0,
Liberia,2013,38,83,52.0,,,32.0,41.0,35.0,30.0
Liberia,2012,41,75,55.0,,,32.0,41.0,35.0,52.0
Libya,2023,18,170,,,20.0,10.0,15.0,,
Libya,2022,17,171,,,20.0,10.0,15.0,,
Libya,2021,17,172,,,20.0,10.0,15.0,,
Libya,2020,17,173,,,20.0,10.0,15.0,,
Libya,2019,18,168,,,20.0,10.0,15.0,,
Libya,2018,17,170,,,20.0,10.0,15.0,,
Libya,2017,17,171,,,20.0,10.0,15.0,,
Libya,2016,14,170,,,19.0,10.0,15.0,,
Libya,2015,16,161,,,21.0,11.0,12.0,,26.0
Libya,2014,18,166,,,21.0,11.0,12.0,,26.0
Libya,2013,15,172,2.0,,21.0,11.0,12.0,,24.0
Libya,2012,21,160,2.0,,21.0,22.0,21.0,,31.0
Lithuania,2023,61,34,,62.0,55.0,59.0,50.0,,55.0
Lithuania,2022,62,33,,62.0,55.0,59.0,50.0,,57.0
Lithuania,2021,61,34,,62.0,55.0,59.0,50.0,,60.0
Lithuania,2020,60,35,,62.0,55.0,59.0,50.0,,58.0
Lithuania,2019,60,35,,62.0,55.0,59.0,50.0,,58.0
Lithuania,2018,59,38,,62.0,55.0,59.0,51.0,,54.0
Lithuania,2017,59,38,,62.0,55.0,59.0,59.0,,52.0
Lithuania,2016,59,38,,61.0,54.0,59.0,58.0,,56.0
Lithuania,2015,59,36,,65.0,54.0,63.0,60.0,,60.0
Lithuania,2014,58,40,,65.0,71.0,63.0,41.0,,55.0
Lithuania,2013,57,43,,65.0,71.0,63.0,41.0,,48.0
Lithuania,2012,54,48,,,71.0,63.0,31.0,,47.0
Luxembourg,2023,78,9,,79.0,72.0,71.0,85.0,,82.0
Luxembourg,2022,77,10,,79.0,72.0,71.0,85.0,,78.0
Luxembourg,2021,81,9,,79.0,72.0,83.0,85.0,,83.0
Luxembourg,2020,80,9,,79.0,72.0,83.0,85.0,,86.0
Luxembourg,2019,80,9,,79.0,72.0,83.0,85.0,,86.0
Luxembourg,2018,81,9,,79.0,72.0,83.0,85.0,,88.0
Luxembourg,2017,82,8,,79.0,72.0,83.0,85.0,,86.0
Luxembourg,2016,81,10,,80.0,72.0,83.0,85.0,,85.0
Luxembourg,2015,85,7,,81.0,,83.0,89.0,,89.0
Luxembourg,2014,82,9,,81.0,71.0,83.0,89.0,,90.0
Luxembourg,2013,80,11,,81.0,71.0,73.0,89.0,,87.0
Luxembourg,2012,80,12,,81.0,71.0,73.0,89.0,,86.0
Madagascar,2023,25,145,27.0,,,35.0,24.0,27.0,
Madagascar,2022,26,142,24.0,,,35.0,24.0,27.0,
Madagascar,2021,26,147,24.0,,,35.0,24.0,27.0,
Madagascar,2020,25,149,19.0,,,35.0,24.0,27.0,17.0
Madagascar,2019,24,158,19.0,,,35.0,24.0,27.0,17.0
Madagascar,2018,25,152,19.0,,,35.0,24.0,27.0,
Madagascar,2017,24,155,19.0,,,35.0,29.0,27.0,17.0
Madagascar,2016,26,145,14.0,,,34.0,32.0,24.0,19.0
Madagascar,2015,28,123,20.0,,,42.0,31.0,23.0,29.0
Madagascar,2014,28,133,20.0,,38.0,42.0,31.0,12.0,28.0
Madagascar,2013,28,127,22.0,,38.0,32.0,31.0,23.0,23.0
Madagascar,2012,32,118,17.0,,38.0,42.0,41.0,23.0,24.0
Malawi,2023,34,115,39.0,,20.0,47.0,32.0,35.0,38.0
Malawi,2022,34,110,37.0,,20.0,47.0,44.0,35.0,22.0
Malawi,2021,35,110,37.0,,20.0,47.0,48.0,35.0,28.0
Malawi,2020,30,129,37.0,,20.0,35.0,37.0,27.0,27.0
Malawi,2019,31,123,37.0,,20.0,35.0,32.0,27.0,27.0
Malawi,2018,32,120,37.0,,20.0,47.0,32.0,27.0,25.0
Malawi,2017,31,122,37.0,,20.0,35.0,32.0,27.0,27.0
Malawi,2016,31,120,38.0,,19.0,34.0,32.0,24.0,27.0
Malawi,2015,31,111,42.0,,21.0,32.0,31.0,23.0,32.0
Malawi,2014,33,110,42.0,,21.0,32.0,31.0,23.0,39.0
Malawi,2013,37,91,42.0,,38.0,32.0,31.0,35.0,35.0
Malawi,2012,37,88,40.0,,38.0,32.0,31.0,35.0,36.0
Malaysia,2023,50,57,,,55.0,59.0,50.0,,47.0
Malaysia,2022,47,61,,,55.0,59.0,41.0,,47.0
Malaysia,2021,48,62,,,55.0,59.0,41.0,,54.0
Malaysia,2020,51,57,,,55.0,59.0,41.0,,62.0
Malaysia,2019,53,51,,,55.0,59.0,41.0,,62.0
Malaysia,2018,47,61,,,55.0,47.0,41.0,,66.0
Malaysia,2017,47,62,,,55.0,47.0,41.0,,63.0
Malaysia,2016,49,55,,,54.0,59.0,41.0,,56.0
Malaysia,2015,50,54,,,54.0,42.0,41.0,,64.0
Malaysia,2014,52,51,,,54.0,42.0,41.0,,64.0
Malaysia,2013,50,53,,,54.0,42.0,41.0,,61.0
Malaysia,2012,49,54,,,54.0,42.0,41.0,,53.0
Maldives,2023,39,93,,,,35.0,,35.0,
Maldives,2022,40,85,,,,35.0,,35.0,
Maldives,2021,40,85,,,,35.0,,35.0,
Maldives,2020,43,75,,,,35.0,,35.0,
Maldives,2019,29,130,,,,35.0,,27.0,
Maldives,2018,31,124,,,,35.0,,27.0,
Maldives,2017,33,112,,,,35.0,,35.0,
Maldives,2016,36,95,,,,47.0,,35.0,
Mali,2023,28,136,37.0,,,35.0,32.0,27.0,30.0
Mali,2022,28,137,37.0,,,35.0,32.0,27.0,21.0
Mali,2021,29,136,37.0,,,35.0,32.0,27.0,23.0
Mali,2020,30,129,34.0,,,35.0,32.0,35.0,19.0
Mali,2019,29,130,34.0,,,35.0,32.0,35.0,19.0
Mali,2018,32,120,34.0,,,35.0,32.0,35.0,24.0
Mali,2017,31,122,34.0,,,35.0,32.0,35.0,22.0
Mali,2016,32,116,35.0,,,34.0,32.0,35.0,24.0
Mali,2015,35,95,40.0,,,42.0,31.0,35.0,32.0
Mali,2014,32,115,40.0,,,42.0,21.0,35.0,26.0
Mali,2013,28,127,40.0,,,22.0,21.0,35.0,20.0
Mali,2012,34,105,40.0,,,32.0,31.0,47.0,18.0
Malta,2023,51,55,,53.0,55.0,47.0,41.0,,40.0
Malta,2022,51,54,,53.0,55.0,47.0,41.0,,38.0
Malta,2021,54,49,,53.0,55.0,47.0,48.0,,51.0
Malta,2020,53,52,,53.0,55.0,47.0,50.0,,51.0
Malta,2019,54,50,,53.0,55.0,59.0,50.0,,51.0
Malta,2018,54,51,,53.0,55.0,59.0,53.0,,51.0
Malta,2017,56,46,,53.0,55.0,59.0,59.0,,56.0
Malta,2016,55,47,,52.0,54.0,59.0,58.0,,54.0
Malta,2015,60,34,,57.0,,63.0,60.0,,58.0
Malta,2014,55,44,,49.0,54.0,63.0,60.0,,50.0
Malta,2013,56,45,,49.0,54.0,63.0,60.0,,54.0
Malta,2012,57,43,,,54.0,63.0,60.0,,52.0
Mauritania,2023,30,130,27.0,,,35.0,,35.0,
Mauritania,2022,30,130,27.0,,,35.0,,35.0,
Mauritania,2021,28,140,27.0,,,35.0,,35.0,22.0
Mauritania,2020,29,134,27.0,,,35.0,,35.0,
Mauritania,2019,28,137,27.0,,,35.0,,35.0,
Mauritania,2018,27,144,27.0,,,35.0,,35.0,17.0
Mauritania,2017,28,143,27.0,,,35.0,,35.0,20.0
Mauritania,2016,27,142,29.0,,,22.0,,35.0,15.0
Mauritania,2015,31,111,35.0,,,42.0,,35.0,12.0
Mauritania,2014,30,124,37.0,,,42.0,,23.0,20.0
Mauritania,2013,30,119,37.0,,,42.0,,23.0,21.0
Mauritania,2012,31,123,32.0,,,42.0,,23.0,23.0
Mauritius,2023,51,55,,,55.0,59.0,,,57.0
Mauritius,2022,50,57,,,55.0,59.0,,,47.0
Mauritius,2021,54,49,,,55.0,59.0,,,61.0
Mauritius,2020,53,52,,,55.0,59.0,,,58.0
Mauritius,2019,52,56,,,55.0,59.0,,,58.0
Mauritius,2018,51,56,,,55.0,59.0,,,55.0
Mauritius,2017,50,54,,,55.0,59.0,,,53.0
Mauritius,2016,54,50,,,54.0,59.0,,,53.0
Mauritius,2015,53,45,,,54.0,52.0,,,56.0
Mauritius,2014,54,48,,,54.0,52.0,,,60.0
Mauritius,2013,52,52,55.0,,54.0,52.0,,,51.0
Mauritius,2012,57,43,55.0,,71.0,52.0,,,55.0
Mexico,2023,31,126,,44.0,37.0,22.0,24.0,,30.0
Mexico,2022,31,126,,44.0,37.0,22.0,24.0,,32.0
Mexico,2021,31,124,,44.0,37.0,22.0,24.0,,31.0
Mexico,2020,31,124,,44.0,37.0,22.0,24.0,,32.0
Mexico,2019,29,130,,35.0,37.0,22.0,24.0,,32.0
Mexico,2018,28,138,,35.0,37.0,22.0,24.0,,25.0
Mexico,2017,29,135,,35.0,37.0,35.0,24.0,,24.0
Mexico,2016,30,123,,33.0,37.0,34.0,24.0,,29.0
Mexico,2015,31,111,,41.0,38.0,42.0,21.0,,33.0
Mexico,2014,35,103,,41.0,38.0,42.0,31.0,,34.0
Mexico,2013,34,106,,41.0,38.0,42.0,31.0,,32.0
Mexico,2012,34,105,,33.0,38.0,42.0,31.0,,36.0
Moldova,2023,42,76,,,37.0,47.0,41.0,,
Moldova,2022,39,91,,,37.0,47.0,39.0,,32.0
Moldova,2021,36,105,,,37.0,47.0,32.0,,
Moldova,2020,34,115,,,37.0,47.0,32.0,27.0,30.0
Moldova,2019,32,120,,,37.0,47.0,32.0,27.0,30.0
Moldova,2018,33,117,,,37.0,47.0,32.0,27.0,29.0
Moldova,2017,31,122,,,37.0,35.0,32.0,27.0,29.0
Moldova,2016,30,123,,,37.0,34.0,32.0,24.0,23.0
Moldova,2015,33,102,,,38.0,42.0,31.0,35.0,30.0
Moldova,2014,35,103,,,38.0,42.0,31.0,47.0,29.0
Moldova,2013,35,102,,,38.0,42.0,31.0,47.0,25.0
Moldova,2012,36,94,,,38.0,42.0,31.0,47.0,34.0
Mongolia,2023,33,121,,,37.0,35.0,33.0,,
Mongolia,2022,33,116,,,37.0,35.0,32.0,,30.0
Mongolia,2021,35,110,,,37.0,35.0,37.0,,34.0
Mongolia,2020,35,111,,,37.0,35.0,41.0,35.0,28.0
Mongolia,2019,35,106,,,37.0,47.0,35.0,35.0,28.0
Mongolia,2018,37,93,,,37.0,47.0,32.0,43.0,31.0
Mongolia,2017,36,103,,,37.0,35.0,32.0,43.0,30.0
Mongolia,2016,38,87,,,37.0,47.0,32.0,47.0,38.0
Mongolia,2015,39,72,,,38.0,42.0,31.0,47.0,42.0
Mongolia,2014,39,80,,,38.0,42.0,31.0,47.0,41.0
Mongolia,2013,38,83,,,38.0,42.0,31.0,47.0,32.0
Mongolia,2012,36,94,,,38.0,42.0,31.0,47.0,26.0
Montenegro,2023,46,63,,,,47.0,,,
Montenegro,2022,45,65,,,,47.0,,,38.0
Montenegro,2021,46,64,,,,47.0,,,50.0
Montenegro,2020,45,67,,,,47.0,,,51.0
Montenegro,2019,45,66,,,,47.0,,,51.0
Montenegro,2018,45,67,,,,47.0,,,52.0
Montenegro,2017,46,64,,,,47.0,,,47.0
Montenegro,2016,45,64,,,,47.0,,,39.0
Montenegro,2015,44,61,,,,32.0,,,50.0
Montenegro,2014,42,76,,,,32.0,,,50.0
Montenegro,2013,44,67,,,,42.0,,,46.0
Montenegro,2012,41,75,,,,32.0,,,53.0
Morocco,2023,38,97,,,37.0,35.0,48.0,,45.0
Morocco,2022,38,94,,,37.0,35.0,50.0,,43.0
Morocco,2021,39,87,,,37.0,35.0,50.0,,
Morocco,2020,40,86,,,37.0,35.0,50.0,,52.0
Morocco,2019,41,80,,,37.0,35.0,50.0,,52.0
Morocco,2018,43,73,,,37.0,35.0,50.0,,57.0
Morocco,2017,40,81,,,37.0,35.0,48.0,,45.0
Morocco,2016,37,90,,,37.0,34.0,41.0,,42.0
Morocco,2015,36,88,,,38.0,42.0,41.0,,47.0
Morocco,2014,39,80,,,38.0,42.0,31.0,,55.0
Morocco,2013,37,91,47.0,,38.0,42.0,31.0,,47.0
Morocco,2012,37,88,40.0,,38.0,42.0,41.0,,54.0
Mozambique,2023,25,145,14.0,,20.0,22.0,40.0,18.0,
Mozambique,2022,26,142,14.0,,20.0,35.0,32.0,18.0,
Mozambique,2021,26,147,14.0,,20.0,35.0,32.0,18.0,
Mozambique,2020,25,149,11.0,,20.0,35.0,32.0,27.0,16.0
Mozambique,2019,26,146,11.0,,20.0,35.0,32.0,27.0,16.0
Mozambique,2018,23,158,14.0,,20.0,22.0,32.0,27.0,16.0
Mozambique,2017,25,153,14.0,,20.0,22.0,32.0,27.0,22.0
Mozambique,2016,27,142,14.0,,37.0,22.0,32.0,24.0,25.0
Mozambique,2015,31,111,22.0,,38.0,32.0,31.0,35.0,28.0
Mozambique,2014,31,119,22.0,,38.0,32.0,31.0,35.0,32.0
Mozambique,2013,30,119,25.0,,38.0,32.0,31.0,35.0,23.0
Mozambique,2012,31,123,25.0,,38.0,32.0,31.0,35.0,31.0
Myanmar,2023,20,162,,,20.0,22.0,24.0,10.0,
Myanmar,2022,23,157,,,20.0,22.0,24.0,10.0,
Myanmar,2021,28,140,,,20.0,22.0,31.0,27.0,
Myanmar,2020,28,137,,,20.0,22.0,32.0,27.0,
Myanmar,2019,29,130,,,20.0,22.0,32.0,27.0,
Myanmar,2018,29,132,,,20.0,22.0,32.0,27.0,
Myanmar,2017,30,130,,,20.0,22.0,32.0,35.0,
Myanmar,2016,28,136,,,19.0,22.0,24.0,35.0,23.0
Myanmar,2015,22,147,,,21.0,11.0,21.0,35.0,27.0
Myanmar,2014,21,156,,,21.0,11.0,21.0,23.0,20.0
Myanmar,2013,21,157,,,21.0,11.0,21.0,,17.0
Myanmar,2012,15,172,,,21.0,11.0,21.0,,
Namibia,2023,49,59,,,55.0,59.0,50.0,,
Namibia,2022,49,59,,,55.0,59.0,50.0,,43.0
Namibia,2021,49,58,,,55.0,59.0,50.0,,42.0
Namibia,2020,51,57,,,55.0,59.0,50.0,,45.0
Namibia,2019,52,56,,,55.0,59.0,50.0,,45.0
Namibia,2018,53,52,,,55.0,59.0,50.0,,47.0
Namibia,2017,51,53,,,55.0,59.0,50.0,,44.0
Namibia,2016,52,53,,,54.0,59.0,50.0,,49.0
Namibia,2015,53,45,,,54.0,63.0,50.0,,48.0
Namibia,2014,49,55,,,38.0,63.0,50.0,,47.0
Namibia,2013,48,57,47.0,,38.0,63.0,50.0,,44.0
Namibia,2012,48,58,47.0,,38.0,63.0,50.0,,41.0
Nepal,2023,35,108,,,,35.0,,35.0,38.0
Nepal,2022,34,110,,,,35.0,,35.0,38.0
Nepal,2021,33,117,,,,35.0,,35.0,34.0
Nepal,2020,33,117,,,,35.0,,35.0,40.0
Nepal,2019,34,113,,,,35.0,,35.0,40.0
Nepal,2018,31,124,,,,35.0,,35.0,33.0
Nepal,2017,31,122,,,,35.0,,35.0,35.0
Nepal,2016,29,131,,,,34.0,,35.0,26.0
Nepal,2015,27,130,,,,22.0,,35.0,33.0
Nepal,2014,29,126,,,,22.0,,35.0,31.0
Nepal,2013,31,116,,,,32.0,,35.0,28.0
Nepal,2012,27,139,,,,22.0,,35.0,27.0
Netherlands,2023,79,8,,62.0,90.0,71.0,85.0,,76.0
Netherlands,2022,80,8,,62.0,90.0,83.0,85.0,,74.0
Netherlands,2021,82,8,,70.0,90.0,83.0,85.0,,79.0
Netherlands,2020,82,8,,70.0,90.0,83.0,85.0,,81.0
Netherlands,2019,82,8,,70.0,90.0,83.0,85.0,,81.0
Netherlands,2018,82,8,,70.0,90.0,83.0,85.0,,80.0
Netherlands,2017,82,8,,70.0,90.0,83.0,85.0,,84.0
Netherlands,2016,83,8,,71.0,90.0,83.0,85.0,,82.0
Netherlands,2015,84,9,,73.0,88.0,83.0,89.0,,84.0
Netherlands,2014,83,8,,73.0,88.0,83.0,89.0,,82.0
Netherlands,2013,83,8,,73.0,88.0,83.0,89.0,,82.0
Netherlands,2012,84,9,,73.0,88.0,83.0,89.0,,84.0
New Zealand,2023,85,3,,97.0,90.0,83.0,93.0,,71.0
New Zealand,2022,87,2,,97.0,90.0,83.0,93.0,,85.0
New Zealand,2021,88,1,,97.0,90.0,83.0,93.0,,85.0
New Zealand,2020,88,1,,97.0,90.0,83.0,93.0,,89.0
New Zealand,2019,87,1,,97.0,90.0,83.0,93.0,,89.0
New Zealand,2018,87,2,,97.0,90.0,83.0,93.0,,83.0
New Zealand,2017,89,1,,97.0,90.0,83.0,93.0,,92.0
New Zealand,2016,90,1,,99.0,90.0,83.0,93.0,,90.0
New Zealand,2015,91,1,,97.0,88.0,83.0,98.0,,92.0
New Zealand,2014,91,2,,97.0,88.0,83.0,98.0,,95.0
New Zealand,2013,91,1,,97.0,88.0,83.0,98.0,,96.0
New Zealand,2012,90,1,,97.0,88.0,83.0,98.0,,92.0
Nicaragua,2023,17,172,,,20.0,22.0,15.0,18.0,
Nicaragua,2022,19,167,,,20.0,22.0,15.0,27.0,22.0
Nicaragua,2021,20,164,,,20.0,22.0,22.0,27.0,21.0
Nicaragua,2020,22,159,,,20.0,22.0,24.0,27.0,
Nicaragua,2019,22,161,,,20.0,22.0,24.0,27.0,
Nicaragua,2018,25,152,,,20.0,22.0,24.0,27.0,28.0
Nicaragua,2017,26,151,,,20.0,22.0,24.0,27.0,29.0
Nicaragua,2016,26,145,,,19.0,22.0,24.0,35.0,28.0
Nicaragua,2015,27,130,,,21.0,32.0,21.0,35.0,33.0
Nicaragua,2014,28,133,,,21.0,32.0,21.0,35.0,31.0
Nicaragua,2013,28,127,,,21.0,32.0,21.0,23.0,37.0
Nicaragua,2012,29,130,,,21.0,32.0,31.0,23.0,37.0
Niger,2023,32,125,39.0,,,35.0,24.0,35.0,
Niger,2022,32,123,37.0,,,35.0,24.0,35.0,
Niger,2021,31,124,37.0,,,35.0,24.0,35.0,
Niger,2020,32,123,37.0,,,35.0,24.0,35.0,
Niger,2019,32,120,37.0,,,35.0,24.0,35.0,
Niger,2018,34,114,44.0,,,35.0,24.0,35.0,
Niger,2017,33,112,44.0,,,35.0,24.0,35.0,
Niger,2016,35,101,44.0,,,34.0,24.0,35.0,
Niger,2015,34,98,47.0,,,32.0,21.0,35.0,
Niger,2014,35,103,45.0,,,32.0,21.0,35.0,
Niger,2013,34,106,42.0,,,32.0,21.0,35.0,
Niger,2012,33,113,40.0,,,32.0,21.0,35.0,
Nigeria,2023,25,145,,,20.0,22.0,26.0,35.0,25.0
Nigeria,2022,24,150,,,20.0,22.0,24.0,35.0,25.0
Nigeria,2021,24,154,,,20.0,22.0,24.0,35.0,22.0
Nigeria,2020,25,149,,,20.0,22.0,24.0,35.0,24.0
Nigeria,2019,26,146,,,20.0,22.0,24.0,35.0,24.0
Nigeria,2018,27,144,34.0,,20.0,22.0,24.0,35.0,19.0
Nigeria,2017,27,148,34.0,,20.0,22.0,24.0,35.0,21.0
Nigeria,2016,28,136,32.0,,37.0,22.0,24.0,35.0,20.0
Nigeria,2015,26,136,35.0,,21.0,22.0,21.0,35.0,25.0
Nigeria,2014,27,136,37.0,,21.0,22.0,21.0,35.0,22.0
Nigeria,2013,25,144,40.0,,21.0,22.0,21.0,35.0,14.0
Nigeria,2012,27,139,32.0,,38.0,22.0,21.0,35.0,23.0
North Korea,2023,17,172,,,,10.0,15.0,,
North Korea,2022,17,171,,,,10.0,15.0,,
North Korea,2021,16,174,,,,10.0,15.0,,
North Korea,2020,18,170,,,,10.0,15.0,,
North Korea,2019,17,172,,,,10.0,15.0,,
North Korea,2018,14,176,,,,10.0,15.0,,
North Korea,2017,17,171,,,,10.0,15.0,,
North Korea,2016,12,174,,,,10.0,15.0,,
North Korea,2015,8,167,,,,1.0,12.0,,
North Korea,2014,8,174,,,,1.0,12.0,,
North Korea,2013,8,175,,,,1.0,12.0,,
North Korea,2012,8,174,,,,1.0,12.0,,
North Macedonia,2023,42,76,,,37.0,47.0,,,
North Macedonia,2022,40,85,,,37.0,47.0,,,36.0
North Macedonia,2021,39,87,,,37.0,35.0,,,35.0
North Macedonia,2020,35,111,,,20.0,35.0,,,32.0
North Macedonia,2019,35,106,,,20.0,35.0,,,32.0
North Macedonia,2018,37,93,,,20.0,35.0,,,33.0
North Macedonia,2017,35,107,,,20.0,35.0,,,
North Macedonia,2016,37,90,,,19.0,34.0,,,54.0
North Macedonia,2015,42,66,,,21.0,42.0,,,61.0
North Macedonia,2014,45,64,,,21.0,42.0,,,66.0
North Macedonia,2013,44,67,,,21.0,42.0,,,55.0
North Macedonia,2012,43,69,,,21.0,42.0,,,50.0
Norway,2023,84,4,,88.0,90.0,83.0,85.0,,
Norway,2022,84,4,,88.0,90.0,83.0,85.0,,
Norway,2021,85,4,,88.0,90.0,83.0,85.0,,
Norway,2020,84,7,,88.0,90.0,83.0,85.0,,
Norway,2019,84,7,,79.0,90.0,83.0,86.0,,
Norway,2018,84,7,,79.0,90.0,83.0,93.0,,75.0
Norway,2017,85,3,,79.0,90.0,83.0,93.0,,86.0
Norway,2016,85,6,,80.0,90.0,83.0,93.0,,80.0
Norway,2015,88,5,,81.0,88.0,83.0,98.0,,92.0
Norway,2014,86,5,,81.0,88.0,83.0,98.0,,88.0
Norway,2013,86,5,,81.0,88.0,83.0,98.0,,85.0
Norway,2012,85,7,,81.0,88.0,83.0,89.0,,85.0
Oman,2023,43,70,,,37.0,47.0,48.0,,
Oman,2022,44,69,,,37.0,47.0,50.0,,
Oman,2021,52,56,,,37.0,47.0,50.0,,91.0
Oman,2020,54,49,,,37.0,59.0,50.0,,90.0
Oman,2019,52,56,,,37.0,47.0,50.0,,90.0
Oman,2018,52,53,,,37.0,47.0,50.0,,87.0
Oman,2017,44,68,,,37.0,47.0,50.0,,
Oman,2016,45,64,,,37.0,47.0,50.0,,67.0
Oman,2015,45,60,,,38.0,52.0,50.0,,62.0
Oman,2014,45,64,,,38.0,52.0,41.0,,66.0
Oman,2013,47,61,,,38.0,63.0,41.0,,69.0
Oman,2012,47,61,,,38.0,52.0,41.0,,75.0
Pakistan,2023,29,133,,,20.0,35.0,32.0,35.0,45.0
Pakistan,2022,27,140,,,20.0,35.0,32.0,35.0,
Pakistan,2021,28,140,,,20.0,35.0,32.0,35.0,41.0
Pakistan,2020,31,124,,,37.0,35.0,32.0,35.0,43.0
Pakistan,2019,32,120,,,37.0,35.0,32.0,35.0,43.0
Pakistan,2018,33,117,,,37.0,35.0,32.0,35.0,43.0
Pakistan,2017,32,117,,,37.0,35.0,32.0,35.0,39.0
Pakistan,2016,32,116,,,37.0,34.0,32.0,35.0,29.0
Pakistan,2015,30,117,,,38.0,42.0,31.0,23.0,34.0
Pakistan,2014,29,126,,,38.0,42.0,31.0,23.0,30.0
Pakistan,2013,28,127,,,38.0,42.0,31.0,23.0,29.0
Pakistan,2012,27,139,,,38.0,32.0,31.0,23.0,30.0
Panama,2023,35,108,,,37.0,35.0,32.0,,31.0
Panama,2022,36,101,,,37.0,35.0,32.0,,34.0
Panama,2021,36,105,,,37.0,35.0,32.0,,40.0
Panama,2020,35,111,,,37.0,35.0,32.0,,31.0
Panama,2019,36,101,,,37.0,35.0,32.0,,31.0
Panama,2018,37,93,,,37.0,35.0,32.0,,32.0
Panama,2017,37,96,,,37.0,35.0,32.0,,31.0
Panama,2016,38,87,,,37.0,47.0,32.0,,43.0
Panama,2015,39,72,,,38.0,52.0,31.0,,41.0
Panama,2014,37,94,,,38.0,52.0,31.0,,39.0
Panama,2013,35,102,,,38.0,42.0,31.0,,39.0
Panama,2012,38,83,,,38.0,52.0,31.0,,41.0
Papua New Guinea,2023,29,133,,,20.0,35.0,32.0,27.0,
Papua New Guinea,2022,30,130,,,20.0,35.0,41.0,27.0,
Papua New Guinea,2021,31,124,,,20.0,35.0,41.0,27.0,
Papua New Guinea,2020,27,142,,,20.0,22.0,35.0,27.0,
Papua New Guinea,2019,28,137,,,20.0,22.0,32.0,35.0,
Papua New Guinea,2018,28,138,,,20.0,22.0,32.0,35.0,
Papua New Guinea,2017,29,135,,,20.0,22.0,32.0,35.0,
Papua New Guinea,2016,28,136,,,19.0,22.0,32.0,35.0,
Papua New Guinea,2015,25,139,,,21.0,11.0,31.0,35.0,
Papua New Guinea,2014,25,145,,,21.0,11.0,31.0,35.0,
Papua New Guinea,2013,25,144,,,21.0,11.0,31.0,35.0,
Papua New Guinea,2012,25,150,,,21.0,11.0,31.0,35.0,
Paraguay,2023,28,136,,,37.0,22.0,25.0,,
Paraguay,2022,28,137,,,37.0,22.0,32.0,,20.0
Paraguay,2021,30,128,,,37.0,22.0,32.0,,31.0
Paraguay,2020,28,137,,,37.0,22.0,32.0,,20.0
Paraguay,2019,28,137,,,37.0,22.0,32.0,,20.0
Paraguay,2018,29,132,,,37.0,22.0,32.0,,21.0
Paraguay,2017,29,135,,,37.0,22.0,32.0,,19.0
Paraguay,2016,30,123,,,37.0,22.0,32.0,,23.0
Paraguay,2015,27,130,,,21.0,22.0,31.0,,25.0
Paraguay,2014,24,150,,,21.0,22.0,21.0,,22.0
Paraguay,2013,24,150,,,21.0,22.0,21.0,,19.0
Paraguay,2012,25,150,,,21.0,22.0,21.0,,23.0
Peru,2023,33,121,,,37.0,35.0,32.0,,32.0
Peru,2022,36,101,,,37.0,35.0,40.0,,32.0
Peru,2021,36,105,,,37.0,35.0,45.0,,29.0
Peru,2020,38,94,,,37.0,35.0,49.0,,26.0
Peru,2019,36,101,,,37.0,35.0,41.0,,26.0
Peru,2018,35,105,,,37.0,35.0,41.0,,23.0
Peru,2017,37,96,,,37.0,35.0,45.0,,25.0
Peru,2016,35,101,,,37.0,34.0,34.0,,39.0
Peru,2015,36,88,,,38.0,42.0,31.0,,44.0
Peru,2014,38,85,,,38.0,42.0,31.0,,41.0
Peru,2013,38,83,,,38.0,42.0,31.0,,36.0
Peru,2012,38,83,,,38.0,42.0,41.0,,32.0
Philippines,2023,34,115,,,37.0,35.0,41.0,,41.0
Philippines,2022,33,116,,,37.0,35.0,41.0,,34.0
Philippines,2021,33,117,,,37.0,35.0,41.0,,32.0
Philippines,2020,34,115,,,37.0,35.0,41.0,,32.0
Philippines,2019,34,113,,,37.0,35.0,41.0,,32.0
Philippines,2018,36,99,,,37.0,35.0,41.0,,40.0
Philippines,2017,34,111,,,37.0,35.0,41.0,,24.0
Philippines,2016,35,101,,,37.0,34.0,41.0,,29.0
Philippines,2015,35,95,,,38.0,32.0,41.0,,36.0
Philippines,2014,38,85,,,38.0,32.0,41.0,,43.0
Philippines,2013,36,94,,,21.0,42.0,31.0,,41.0
Philippines,2012,34,105,,,21.0,42.0,31.0,,37.0
Poland,2023,54,47,,44.0,55.0,59.0,41.0,,51.0
Poland,2022,55,45,,44.0,55.0,59.0,41.0,,50.0
Poland,2021,56,42,,44.0,55.0,59.0,48.0,,52.0
Poland,2020,56,45,,44.0,55.0,47.0,50.0,,53.0
Poland,2019,58,41,,53.0,55.0,59.0,51.0,,53.0
Poland,2018,60,36,,53.0,55.0,59.0,59.0,,53.0
Poland,2017,60,36,,62.0,55.0,59.0,56.0,,52.0
Poland,2016,62,29,,71.0,54.0,59.0,58.0,,56.0
Poland,2015,63,29,,73.0,54.0,73.0,60.0,,58.0
Poland,2014,61,36,,73.0,54.0,73.0,50.0,,58.0
Poland,2013,60,38,,73.0,54.0,63.0,50.0,,52.0
Poland,2012,58,41,,65.0,54.0,63.0,50.0,,55.0
Portugal,2023,61,34,,70.0,55.0,59.0,65.0,,55.0
Portugal,2022,62,33,,70.0,55.0,59.0,67.0,,54.0
Portugal,2021,62,32,,70.0,55.0,59.0,67.0,,60.0
Portugal,2020,61,33,,70.0,55.0,59.0,67.0,,54.0
Portugal,2019,62,30,,70.0,55.0,59.0,67.0,,54.0
Portugal,2018,64,30,,70.0,55.0,59.0,67.0,,60.0
Portugal,2017,63,29,,70.0,55.0,59.0,67.0,,60.0
Portugal,2016,62,29,,71.0,54.0,59.0,67.0,,59.0
Portugal,2015,64,28,,65.0,54.0,73.0,69.0,,62.0
Portugal,2014,63,31,,73.0,54.0,73.0,60.0,,67.0
Portugal,2013,62,33,,73.0,54.0,73.0,60.0,,57.0
Portugal,2012,63,33,,65.0,54.0,73.0,69.0,,59.0
Puerto Rico,2014,63,31,,,71.0,63.0,,,56.0
Puerto Rico,2013,62,33,,,71.0,63.0,,,51.0
Puerto Rico,2012,63,33,,,71.0,63.0,,,54.0
Qatar,2023,58,40,,,72.0,47.0,56.0,,
Qatar,2022,58,40,,,72.0,47.0,59.0,,
Qatar,2021,63,31,,,72.0,47.0,59.0,,88.0
Qatar,2020,63,30,,,72.0,47.0,59.0,,92.0
Qatar,2019,62,30,,,72.0,47.0,59.0,,92.0
Qatar,2018,62,33,,,72.0,47.0,59.0,,92.0
Qatar,2017,63,29,,,72.0,47.0,64.0,,94.0
Qatar,2016,61,31,,,72.0,47.0,67.0,,82.0
Qatar,2015,71,22,,,71.0,83.0,69.0,,83.0
Qatar,2014,69,27,,,71.0,83.0,50.0,,87.0
Qatar,2013,68,28,,,71.0,73.0,50.0,,92.0
Qatar,2012,68,27,,,71.0,73.0,50.0,,89.0
Romania,2023,46,63,,44.0,37.0,47.0,41.0,,42.0
Romania,2022,46,63,,44.0,37.0,47.0,41.0,,44.0
Romania,2021,45,66,,44.0,37.0,47.0,41.0,,39.0
Romania,2020,44,69,,44.0,37.0,47.0,41.0,,43.0
Romania,2019,44,70,,53.0,37.0,47.0,41.0,,43.0
Romania,2018,47,61,,53.0,37.0,47.0,41.0,,48.0
Romania,2017,48,59,,53.0,37.0,47.0,41.0,,43.0
Romania,2016,48,57,,52.0,37.0,59.0,41.0,,37.0
Romania,2015,46,58,,57.0,38.0,42.0,41.0,,36.0
Romania,2014,43,69,,57.0,38.0,42.0,31.0,,46.0
Romania,2013,43,69,,57.0,38.0,42.0,31.0,,34.0
Romania,2012,44,66,,,38.0,42.0,60.0,,34.0
Russia,2022,28,137,,,20.0,35.0,24.0,,43.0
Russia,2021,29,136,,,20.0,35.0,24.0,,40.0
Russia,2020,30,129,,,20.0,35.0,24.0,,38.0
Russia,2019,28,137,,,20.0,22.0,24.0,,38.0
Russia,2018,28,138,,,20.0,22.0,24.0,,42.0
Russia,2017,29,135,,,20.0,35.0,24.0,,39.0
Russia,2016,29,131,,,19.0,34.0,24.0,,38.0
Russia,2015,29,119,,,38.0,22.0,21.0,,38.0
Russia,2014,27,136,,,21.0,22.0,21.0,,38.0
Russia,2013,28,127,,,21.0,22.0,21.0,,30.0
Russia,2012,28,133,,,21.0,22.0,31.0,,29.0
Russia,2023,26,141,,,20.0,35.0,24.0,,
Rwanda,2023,53,49,57.0,,,59.0,,43.0,
Rwanda,2022,51,54,49.0,,,59.0,,43.0,
Rwanda,2021,53,52,49.0,,,59.0,,43.0,79.0
Rwanda,2020,54,49,49.0,,,59.0,,43.0,76.0
Rwanda,2019,53,51,49.0,,,59.0,,43.0,76.0
Rwanda,2018,56,48,49.0,,,59.0,,43.0,84.0
Rwanda,2017,55,48,49.0,,,59.0,,43.0,83.0
Rwanda,2016,54,50,53.0,,,59.0,,47.0,76.0
Rwanda,2015,54,43,55.0,,,52.0,,47.0,78.0
Rwanda,2014,49,55,55.0,,,52.0,,47.0,
Rwanda,2013,53,49,52.0,,,52.0,,47.0,74.0
Rwanda,2012,53,50,47.0,,,52.0,,47.0,77.0
Saint Lucia,2023,55,45,,,,47.0,,60.0,
Saint Lucia,2022,55,45,,,,47.0,,60.0,
Saint Lucia,2021,56,42,,,,47.0,,60.0,
Saint Lucia,2020,56,45,,,,47.0,,60.0,
Saint Lucia,2019,55,48,,,,47.0,,60.0,
Saint Lucia,2018,55,50,,,,47.0,,60.0,
Saint Lucia,2017,55,48,,,,47.0,,60.0,
Saint Lucia,2016,60,35,,,,47.0,,69.0,
Saint Lucia,2014,71,24,,,71.0,73.0,,70.0,
Saint Lucia,2013,71,22,,,71.0,73.0,,70.0,
Saint Lucia,2012,71,22,,,71.0,73.0,,70.0,
Saint Vincent and the Grenadines,2023,60,36,,,,59.0,,52.0,
Saint Vincent and the Grenadines,2022,60,35,,,,59.0,,52.0,
Saint Vincent and the Grenadines,2021,59,36,,,,59.0,,52.0,
Saint Vincent and the Grenadines,2020,59,40,,,,59.0,,52.0,
Saint Vincent and the Grenadines,2019,59,39,,,,59.0,,52.0,
Saint Vincent and the Grenadines,2018,58,41,,,,59.0,,52.0,
Saint Vincent and the Grenadines,2017,58,40,,,,59.0,,52.0,
Saint Vincent and the Grenadines,2016,60,35,,,,59.0,,58.0,
Saint Vincent and the Grenadines,2014,62,35,,,54.0,73.0,,58.0,
Saint Vincent and the Grenadines,2013,62,33,,,54.0,73.0,,58.0,
Saint Vincent and the Grenadines,2012,62,36,,,54.0,73.0,,58.0,
Sao Tome and Principe,2023,45,67,32.0,,,47.0,,43.0,
Sao Tome and Principe,2022,45,65,32.0,,,47.0,,43.0,
Sao Tome and Principe,2021,45,66,32.0,,,47.0,,43.0,
Sao Tome and Principe,2020,47,63,34.0,,,47.0,,43.0,
Sao Tome and Principe,2019,46,64,34.0,,,47.0,,43.0,
Sao Tome and Principe,2018,46,64,34.0,,,47.0,,43.0,
Sao Tome and Principe,2017,46,64,34.0,,,47.0,,43.0,
Sao Tome and Principe,2016,46,62,44.0,,,47.0,,47.0,
Sao Tome and Principe,2015,42,66,47.0,,,32.0,,47.0,
Sao Tome and Principe,2014,42,76,47.0,,,32.0,,47.0,
Sao Tome and Principe,2013,42,72,47.0,,,32.0,,47.0,
Sao Tome and Principe,2012,42,72,47.0,,,32.0,,47.0,
Saudi Arabia,2023,52,53,,,55.0,35.0,59.0,,
Saudi Arabia,2022,51,54,,,55.0,35.0,59.0,,
Saudi Arabia,2021,53,52,,,55.0,35.0,59.0,,76.0
Saudi Arabia,2020,53,52,,,55.0,22.0,59.0,,84.0
Saudi Arabia,2019,53,51,,,55.0,22.0,59.0,,84.0
Saudi Arabia,2018,49,58,,,55.0,22.0,56.0,,75.0
Saudi Arabia,2017,49,57,,,55.0,22.0,50.0,,71.0
Saudi Arabia,2016,46,62,,,54.0,22.0,50.0,,66.0
Saudi Arabia,2015,52,48,,,54.0,42.0,50.0,,77.0
Saudi Arabia,2014,49,55,,,54.0,42.0,41.0,,73.0
Saudi Arabia,2013,46,63,,,38.0,42.0,41.0,,72.0
Saudi Arabia,2012,44,66,,,38.0,42.0,41.0,,69.0
Senegal,2023,43,70,42.0,,55.0,47.0,32.0,43.0,37.0
Senegal,2022,43,72,42.0,,55.0,47.0,34.0,43.0,33.0
Senegal,2021,43,73,42.0,,55.0,47.0,32.0,43.0,37.0
Senegal,2020,45,67,42.0,,55.0,47.0,32.0,43.0,42.0
Senegal,2019,45,66,42.0,,55.0,47.0,35.0,43.0,42.0
Senegal,2018,45,67,42.0,,55.0,47.0,32.0,43.0,40.0
Senegal,2017,45,66,42.0,,55.0,47.0,32.0,43.0,39.0
Senegal,2016,45,64,44.0,,54.0,47.0,32.0,47.0,36.0
Senegal,2015,44,61,45.0,,54.0,32.0,41.0,47.0,43.0
Senegal,2014,43,69,45.0,,54.0,32.0,41.0,47.0,41.0
Senegal,2013,41,77,45.0,,38.0,42.0,41.0,47.0,38.0
Senegal,2012,36,94,40.0,,38.0,32.0,33.0,47.0,32.0
Serbia,2023,36,104,,,37.0,35.0,32.0,,36.0
Serbia,2022,36,101,,,37.0,35.0,32.0,,41.0
Serbia,2021,38,96,,,37.0,35.0,32.0,,44.0
Serbia,2020,38,94,,,37.0,35.0,32.0,,40.0
Serbia,2019,39,91,,,37.0,35.0,32.0,,40.0
Serbia,2018,39,87,,,37.0,35.0,32.0,,44.0
Serbia,2017,41,77,,,37.0,47.0,32.0,,39.0
Serbia,2016,42,72,,,37.0,47.0,32.0,,39.0
Serbia,2015,40,71,,,38.0,42.0,31.0,,37.0
Serbia,2014,41,78,,,38.0,42.0,31.0,,43.0
Serbia,2013,42,72,,,38.0,52.0,31.0,,37.0
Serbia,2012,39,80,,,38.0,42.0,31.0,,35.0
Seychelles,2023,71,20,,,72.0,71.0,,,
Seychelles,2022,70,23,,,72.0,71.0,,,
Seychelles,2021,70,23,,,72.0,71.0,,,
Seychelles,2020,66,27,,,72.0,71.0,,,57.0
Seychelles,2019,66,27,,,72.0,71.0,,,57.0
Seychelles,2018,66,28,,,72.0,71.0,,,60.0
Seychelles,2017,60,36,,,72.0,71.0,,,36.0
Seychelles,2015,55,40,,,71.0,52.0,,,42.0
Seychelles,2014,55,44,,,71.0,52.0,,,42.0
Seychelles,2013,54,47,32.0,,71.0,52.0,,,59.0
Seychelles,2012,52,51,32.0,,71.0,52.0,,,50.0
Sierra Leone,2023,35,108,34.0,,20.0,47.0,41.0,35.0,
Sierra Leone,2022,34,110,34.0,,20.0,47.0,44.0,35.0,26.0
Sierra Leone,2021,34,115,34.0,,20.0,47.0,50.0,35.0,28.0
Sierra Leone,2020,33,117,34.0,,20.0,47.0,50.0,35.0,
Sierra Leone,2019,33,119,34.0,,20.0,47.0,47.0,35.0,
Sierra Leone,2018,30,129,34.0,,20.0,35.0,39.0,35.0,29.0
Sierra Leone,2017,30,130,34.0,,20.0,35.0,32.0,35.0,30.0
Sierra Leone,2016,30,123,35.0,,19.0,34.0,32.0,35.0,19.0
Sierra Leone,2015,29,119,40.0,,21.0,32.0,31.0,35.0,20.0
Sierra Leone,2014,31,119,40.0,,21.0,32.0,30.0,35.0,24.0
Sierra Leone,2013,30,119,40.0,,21.0,32.0,21.0,35.0,29.0
Sierra Leone,2012,31,123,40.0,,21.0,32.0,31.0,35.0,31.0
Singapore,2023,83,5,,,90.0,83.0,83.0,,89.0
Singapore,2022,83,5,,,90.0,83.0,85.0,,
Singapore,2021,85,4,,,90.0,83.0,85.0,,91.0
Singapore,2020,85,3,,,90.0,83.0,85.0,,89.0
Singapore,2019,85,4,,,90.0,83.0,85.0,,89.0
Singapore,2018,85,3,,,90.0,83.0,85.0,,90.0
Singapore,2017,84,6,,,90.0,83.0,79.0,,90.0
Singapore,2016,84,7,,,90.0,83.0,76.0,,88.0
Singapore,2015,85,7,,,88.0,83.0,79.0,,92.0
Singapore,2014,84,7,,,88.0,83.0,79.0,,90.0
Singapore,2013,86,5,,,88.0,83.0,79.0,,88.0
Singapore,2012,87,5,,,88.0,83.0,79.0,,88.0
Slovakia,2023,54,47,,53.0,55.0,71.0,41.0,,
Slovakia,2022,53,49,,53.0,55.0,71.0,41.0,,35.0
Slovakia,2021,52,56,,44.0,55.0,71.0,54.0,,29.0
Slovakia,2020,49,60,,44.0,55.0,59.0,59.0,,26.0
Slovakia,2019,50,59,,53.0,55.0,59.0,59.0,,26.0
Slovakia,2018,50,57,,53.0,55.0,59.0,51.0,,37.0
Slovakia,2017,50,54,,53.0,55.0,59.0,50.0,,32.0
Slovakia,2016,51,54,,52.0,54.0,59.0,50.0,,34.0
Slovakia,2015,51,50,,57.0,54.0,63.0,50.0,,38.0
Slovakia,2014,50,54,,57.0,54.0,63.0,41.0,,36.0
Slovakia,2013,47,61,,57.0,54.0,52.0,41.0,,26.0
Slovakia,2012,46,62,,41.0,54.0,52.0,41.0,,30.0
Slovenia,2023,56,42,,53.0,55.0,59.0,56.0,,45.0
Slovenia,2022,56,41,,53.0,55.0,59.0,53.0,,54.0
Slovenia,2021,57,41,,53.0,55.0,59.0,56.0,,51.0
Slovenia,2020,60,35,,53.0,55.0,71.0,59.0,,51.0
Slovenia,2019,60,35,,62.0,55.0,71.0,59.0,,51.0
Slovenia,2018,60,36,,62.0,55.0,71.0,59.0,,52.0
Slovenia,2017,61,34,,62.0,55.0,71.0,59.0,,50.0
Slovenia,2016,61,31,,61.0,54.0,71.0,58.0,,58.0
Slovenia,2015,60,34,,57.0,54.0,73.0,60.0,,62.0
Slovenia,2014,58,40,,57.0,54.0,73.0,60.0,,56.0
Slovenia,2013,57,43,,57.0,54.0,73.0,60.0,,47.0
Slovenia,2012,61,37,,,71.0,73.0,50.0,,54.0
Solomon Islands,2023,43,70,,,,59.0,,35.0,
Solomon Islands,2022,42,77,,,,59.0,,35.0,
Solomon Islands,2021,43,73,,,,59.0,,35.0,
Solomon Islands,2020,42,78,,,,59.0,,35.0,
Solomon Islands,2019,42,77,,,,59.0,,35.0,
Solomon Islands,2018,44,70,,,,59.0,,35.0,
Solomon Islands,2017,39,85,,,,47.0,,35.0,
Solomon Islands,2016,42,72,,,,47.0,,35.0,
Somalia,2023,11,180,4.0,,,22.0,6.0,10.0,
Somalia,2022,12,180,11.0,,,22.0,6.0,10.0,
Somalia,2021,13,178,11.0,,,22.0,6.0,18.0,
Somalia,2020,12,179,4.0,,,22.0,6.0,18.0,
Somalia,2019,9,180,4.0,,,10.0,6.0,,
Somalia,2018,10,180,0.0,,,22.0,6.0,10.0,
Somalia,2017,9,180,0.0,,,10.0,12.0,,
Somalia,2016,10,176,0.0,,,10.0,15.0,,
Somalia,2015,8,167,2.0,,,11.0,12.0,,
Somalia,2014,8,174,2.0,,,11.0,12.0,,
Somalia,2013,8,175,5.0,,,11.0,12.0,,
Somalia,2012,8,174,2.0,,,11.0,12.0,,
South Africa,2023,41,83,,,55.0,47.0,32.0,,32.0
South Africa,2022,43,72,,,55.0,47.0,40.0,,29.0
South Africa,2021,44,70,,,55.0,47.0,49.0,,32.0
South Africa,2020,44,69,,,55.0,47.0,50.0,,32.0
South Africa,2019,44,70,,,55.0,47.0,46.0,,32.0
South Africa,2018,43,73,,,55.0,47.0,41.0,,27.0
South Africa,2017,43,71,,,55.0,47.0,41.0,,26.0
South Africa,2016,45,64,,,54.0,47.0,41.0,,49.0
South Africa,2015,44,61,,,54.0,42.0,41.0,,52.0
South Africa,2014,44,67,,,54.0,42.0,41.0,,49.0
South Africa,2013,42,72,55.0,,54.0,32.0,41.0,,40.0
South Africa,2012,43,69,55.0,,54.0,42.0,41.0,,43.0
South Korea,2023,63,32,,70.0,72.0,59.0,64.0,,56.0
South Korea,2022,63,31,,70.0,72.0,59.0,67.0,,57.0
South Korea,2021,62,32,,70.0,55.0,59.0,67.0,,61.0
South Korea,2020,61,33,,70.0,55.0,59.0,62.0,,54.0
South Korea,2019,59,39,,62.0,55.0,59.0,54.0,,54.0
South Korea,2018,57,45,,62.0,55.0,59.0,50.0,,56.0
South Korea,2017,54,51,,53.0,55.0,59.0,50.0,,55.0
South Korea,2016,53,52,,52.0,54.0,47.0,50.0,,49.0
South Korea,2015,54,43,,57.0,54.0,52.0,50.0,,52.0
South Korea,2014,55,44,,57.0,54.0,52.0,50.0,,53.0
South Korea,2013,55,46,,57.0,54.0,52.0,50.0,,44.0
South Korea,2012,56,45,,57.0,54.0,52.0,50.0,,48.0
South Sudan,2023,13,177,11.0,,,10.0,,10.0,
South Sudan,2022,13,178,11.0,,,10.0,,10.0,
South Sudan,2021,11,180,11.0,,,10.0,,10.0,
South Sudan,2020,12,179,11.0,,,10.0,,10.0,
South Sudan,2019,12,179,11.0,,,10.0,,10.0,
South Sudan,2018,13,178,9.0,,,10.0,,10.0,
South Sudan,2017,12,179,9.0,,,10.0,,10.0,
South Sudan,2016,11,175,5.0,,,10.0,,2.0,
South Sudan,2015,15,163,17.0,,,,,12.0,
South Sudan,2014,15,171,20.0,,,,,12.0,
South Sudan,2013,14,173,17.0,,,,,12.0,
Spain,2023,60,36,,70.0,55.0,47.0,56.0,,50.0
Spain,2022,60,35,,70.0,55.0,47.0,59.0,,51.0
Spain,2021,61,34,,70.0,55.0,47.0,59.0,,59.0
Spain,2020,62,32,,70.0,55.0,59.0,59.0,,57.0
Spain,2019,62,30,,70.0,55.0,59.0,59.0,,57.0
Spain,2018,58,41,,70.0,55.0,47.0,59.0,,46.0
Spain,2017,57,42,,62.0,55.0,59.0,59.0,,44.0
Spain,2016,58,41,,61.0,72.0,59.0,58.0,,51.0
Spain,2015,58,37,,57.0,71.0,63.0,60.0,,55.0
Spain,2014,60,38,,57.0,71.0,63.0,69.0,,48.0
Spain,2013,59,40,,57.0,71.0,52.0,69.0,,46.0
Spain,2012,65,30,,65.0,71.0,63.0,69.0,,52.0
Sri Lanka,2023,34,115,,,37.0,35.0,32.0,35.0,30.0
Sri Lanka,2022,36,101,,,37.0,35.0,32.0,,41.0
Sri Lanka,2021,37,102,,,37.0,35.0,32.0,,44.0
Sri Lanka,2020,38,94,,,37.0,35.0,32.0,35.0,43.0
Sri Lanka,2019,38,93,,,37.0,35.0,32.0,,43.0
Sri Lanka,2018,38,89,,,37.0,35.0,32.0,,42.0
Sri Lanka,2017,38,91,,,37.0,35.0,38.0,,36.0
Sri Lanka,2016,36,95,,,37.0,34.0,41.0,35.0,41.0
Sri Lanka,2015,37,83,,,38.0,42.0,41.0,35.0,44.0
Sri Lanka,2014,38,85,,,38.0,42.0,41.0,35.0,39.0
Sri Lanka,2013,37,91,,,38.0,42.0,41.0,35.0,35.0
Sri Lanka,2012,40,79,,,38.0,42.0,41.0,35.0,43.0
Sudan,2023,20,162,19.0,,20.0,22.0,6.0,10.0,
Sudan,2022,22,162,14.0,,20.0,22.0,6.0,10.0,
Sudan,2021,20,164,14.0,,20.0,22.0,6.0,10.0,
Sudan,2020,16,174,14.0,,20.0,22.0,6.0,10.0,
Sudan,2019,16,173,14.0,,20.0,22.0,6.0,10.0,
Sudan,2018,16,172,14.0,,20.0,22.0,6.0,10.0,
Sudan,2017,16,175,14.0,,20.0,22.0,6.0,10.0,
Sudan,2016,14,170,11.0,,19.0,22.0,6.0,2.0,
Sudan,2015,12,165,20.0,,21.0,11.0,2.0,0.0,
Sudan,2014,11,173,20.0,,21.0,11.0,2.0,0.0,
Sudan,2013,11,174,20.0,,21.0,11.0,2.0,0.0,
Sudan,2012,13,173,17.0,,21.0,11.0,12.0,0.0,
Suriname,2023,40,87,,,,35.0,32.0,,
Suriname,2022,40,85,,,,35.0,32.0,,
Suriname,2021,39,87,,,,35.0,32.0,,
Suriname,2020,38,94,,,,35.0,37.0,,
Suriname,2019,44,70,,,,35.0,41.0,,
Suriname,2018,43,73,,,,35.0,41.0,,
Suriname,2017,41,77,,,,35.0,33.0,,
Suriname,2016,45,64,,,,34.0,32.0,,
Suriname,2015,36,88,,,,42.0,31.0,,35.0
Suriname,2014,36,100,,,,42.0,31.0,,35.0
Suriname,2013,36,94,,,,42.0,31.0,,35.0
Suriname,2012,37,88,,,,42.0,31.0,,37.0
Sweden,2023,82,6,,88.0,90.0,83.0,93.0,,61.0
Sweden,2022,83,5,,88.0,90.0,83.0,93.0,,62.0
Sweden,2021,85,4,,88.0,90.0,83.0,93.0,,78.0
Sweden,2020,85,3,,88.0,90.0,83.0,93.0,,77.0
Sweden,2019,85,4,,88.0,90.0,83.0,93.0,,77.0
Sweden,2018,85,3,,88.0,90.0,83.0,93.0,,77.0
Sweden,2017,84,6,,88.0,90.0,83.0,93.0,,74.0
Sweden,2016,88,4,,90.0,90.0,83.0,93.0,,86.0
Sweden,2015,89,4,,89.0,88.0,83.0,98.0,,89.0
Sweden,2014,87,4,,97.0,88.0,83.0,98.0,,72.0
Sweden,2013,89,3,,97.0,88.0,83.0,98.0,,86.0
Sweden,2012,88,4,,97.0,88.0,83.0,89.0,,82.0
Switzerland,2023,82,6,,88.0,90.0,71.0,85.0,,81.0
Switzerland,2022,82,7,,88.0,90.0,71.0,85.0,,77.0
Switzerland,2021,84,7,,88.0,90.0,83.0,85.0,,82.0
Switzerland,2020,85,3,,88.0,90.0,83.0,85.0,,83.0
Switzerland,2019,85,4,,88.0,90.0,83.0,85.0,,83.0
Switzerland,2018,85,3,,88.0,90.0,83.0,85.0,,87.0
Switzerland,2017,85,3,,88.0,90.0,83.0,85.0,,85.0
Switzerland,2016,86,5,,90.0,90.0,83.0,85.0,,80.0
Switzerland,2015,86,6,,89.0,88.0,73.0,89.0,,87.0
Switzerland,2014,86,5,,89.0,88.0,73.0,89.0,,86.0
Switzerland,2013,85,7,,89.0,88.0,73.0,89.0,,85.0
Switzerland,2012,86,6,,89.0,88.0,73.0,89.0,,85.0
Syria,2023,13,177,,,20.0,10.0,15.0,,
Syria,2022,13,178,,,20.0,10.0,15.0,,
Syria,2021,13,178,,,20.0,10.0,15.0,,
Syria,2020,14,178,,,20.0,10.0,15.0,,
Syria,2019,13,178,,,20.0,10.0,15.0,,
Syria,2018,13,178,,,20.0,10.0,15.0,,
Syria,2017,14,178,,,20.0,10.0,15.0,,
Syria,2016,13,173,,,19.0,10.0,15.0,,
Syria,2015,18,154,,,21.0,32.0,12.0,,
Syria,2014,20,159,,,21.0,32.0,21.0,,
Syria,2013,17,168,,,21.0,22.0,21.0,,
Syria,2012,26,144,,,21.0,32.0,31.0,,29.0
Taiwan,2023,67,28,,,72.0,71.0,59.0,,71.0
Taiwan,2022,68,25,,,72.0,71.0,59.0,,74.0
Taiwan,2021,68,25,,,72.0,71.0,59.0,,79.0
Taiwan,2020,65,28,,,55.0,71.0,59.0,,73.0
Taiwan,2019,65,28,,,55.0,71.0,59.0,,73.0
Taiwan,2018,63,31,,,55.0,71.0,59.0,,65.0
Taiwan,2017,63,29,,,55.0,71.0,53.0,,71.0
Taiwan,2016,61,31,,,54.0,71.0,50.0,,68.0
Taiwan,2015,62,31,,,54.0,63.0,50.0,,70.0
Taiwan,2014,61,36,,,54.0,63.0,50.0,,68.0
Taiwan,2013,61,36,,,54.0,73.0,50.0,,61.0
Taiwan,2012,61,37,,,54.0,63.0,50.0,,64.0
Tajikistan,2023,20,162,,,,22.0,,18.0,
Tajikistan,2022,24,150,,,,22.0,,18.0,44.0
Tajikistan,2021,25,150,,,,22.0,,18.0,50.0
Tajikistan,2020,25,149,,,,22.0,,18.0,57.0
Tajikistan,2019,25,153,,,,22.0,,18.0,57.0
Tajikistan,2018,25,152,,,,22.0,,27.0,52.0
Tajikistan,2017,21,161,,,,22.0,,27.0,
Tajikistan,2016,25,151,,,,22.0,,24.0,48.0
Tajikistan,2015,26,136,,,,11.0,,23.0,53.0
Tajikistan,2014,23,152,,,,11.0,,23.0,42.0
Tajikistan,2013,22,154,,,,11.0,,23.0,32.0
Tajikistan,2012,22,157,,,,11.0,,23.0,32.0
Tanzania,2023,40,87,39.0,,37.0,35.0,32.0,35.0,46.0
Tanzania,2022,38,94,39.0,,37.0,35.0,32.0,35.0,43.0
Tanzania,2021,39,87,39.0,,37.0,35.0,32.0,35.0,52.0
Tanzania,2020,38,94,39.0,,37.0,35.0,32.0,35.0,42.0
Tanzania,2019,37,96,39.0,,37.0,35.0,32.0,27.0,42.0
Tanzania,2018,36,99,39.0,,37.0,35.0,32.0,35.0,45.0
Tanzania,2017,36,103,39.0,,37.0,35.0,32.0,35.0,39.0
Tanzania,2016,32,116,38.0,,37.0,22.0,32.0,35.0,27.0
Tanzania,2015,30,117,42.0,,38.0,11.0,31.0,35.0,31.0
Tanzania,2014,31,119,42.0,,38.0,11.0,31.0,35.0,30.0
Tanzania,2013,33,111,47.0,,38.0,22.0,31.0,35.0,26.0
Tanzania,2012,35,102,40.0,,38.0,22.0,41.0,35.0,32.0
Thailand,2023,35,108,,,37.0,35.0,32.0,,36.0
Thailand,2022,36,101,,,37.0,35.0,32.0,,45.0
Thailand,2021,35,110,,,37.0,35.0,32.0,,42.0
Thailand,2020,36,104,,,37.0,35.0,32.0,,43.0
Thailand,2019,36,101,,,37.0,35.0,32.0,,43.0
Thailand,2018,36,99,,,37.0,35.0,32.0,,42.0
Thailand,2017,37,96,,,37.0,35.0,32.0,,42.0
Thailand,2016,35,101,,,37.0,22.0,32.0,,37.0
Thailand,2015,38,76,,,38.0,42.0,31.0,,43.0
Thailand,2014,38,85,,,38.0,42.0,31.0,,39.0
Thailand,2013,35,102,,,38.0,32.0,31.0,,35.0
Thailand,2012,37,88,,,38.0,42.0,31.0,,35.0
Timor-Leste,2023,43,70,,,,35.0,,35.0,
Timor-Leste,2022,42,77,,,,35.0,,35.0,
Timor-Leste,2021,41,82,,,,35.0,,35.0,
Timor-Leste,2020,40,86,,,,35.0,,35.0,
Timor-Leste,2019,38,93,,,,35.0,,27.0,
Timor-Leste,2018,35,105,,,,35.0,,27.0,
Timor-Leste,2017,38,91,,,,35.0,,27.0,
Timor-Leste,2016,35,101,,,,34.0,,24.0,
Timor-Leste,2015,28,123,,,,22.0,,23.0,38.0
Timor-Leste,2014,28,133,,,,22.0,,23.0,38.0
Timor-Leste,2013,30,119,,,,32.0,,23.0,34.0
Timor-Leste,2012,33,113,,,,32.0,,23.0,43.0
Togo,2023,31,126,29.0,,,35.0,32.0,35.0,
Togo,2022,30,130,27.0,,,35.0,32.0,35.0,
Togo,2021,30,128,27.0,,,35.0,32.0,35.0,
Togo,2020,29,134,24.0,,,35.0,32.0,35.0,
Togo,2019,29,130,24.0,,,35.0,32.0,35.0,
Togo,2018,30,129,24.0,,,35.0,32.0,35.0,
Togo,2017,32,117,24.0,,,47.0,32.0,27.0,
Togo,2016,32,116,23.0,,,47.0,32.0,24.0,
Togo,2015,32,106,30.0,,,42.0,31.0,23.0,
Togo,2014,29,126,27.0,,,42.0,21.0,23.0,
Togo,2013,29,123,27.0,,,42.0,21.0,23.0,
Togo,2012,30,128,25.0,,,42.0,31.0,23.0,
Trinidad and Tobago,2023,42,76,,,37.0,35.0,32.0,,
Trinidad and Tobago,2022,42,77,,,37.0,35.0,32.0,,32.0
Trinidad and Tobago,2021,41,82,,,37.0,35.0,32.0,,34.0
Trinidad and Tobago,2020,40,86,,,37.0,35.0,32.0,,30.0
Trinidad and Tobago,2019,40,85,,,37.0,35.0,32.0,,30.0
Trinidad and Tobago,2018,41,78,,,37.0,35.0,32.0,,33.0
Trinidad and Tobago,2017,41,77,,,37.0,35.0,32.0,,36.0
Trinidad and Tobago,2016,35,101,,,37.0,34.0,32.0,,29.0
Trinidad and Tobago,2015,39,72,,,38.0,52.0,31.0,,34.0
Trinidad and Tobago,2014,38,85,,,38.0,52.0,31.0,,33.0
Trinidad and Tobago,2013,38,83,,,38.0,52.0,31.0,,31.0
Trinidad and Tobago,2012,39,80,,,38.0,52.0,31.0,,37.0
Tunisia,2023,40,87,,,37.0,47.0,39.0,,44.0
Tunisia,2022,40,85,,,37.0,47.0,41.0,,40.0
Tunisia,2021,44,70,,,37.0,47.0,48.0,,47.0
Tunisia,2020,44,69,,,37.0,47.0,49.0,,41.0
Tunisia,2019,43,74,,,37.0,47.0,41.0,,41.0
Tunisia,2018,43,73,,,37.0,47.0,41.0,,47.0
Tunisia,2017,42,74,,,37.0,47.0,41.0,,45.0
Tunisia,2016,41,75,,,37.0,47.0,41.0,,37.0
Tunisia,2015,38,76,,,38.0,42.0,41.0,,42.0
Tunisia,2014,40,79,,,38.0,42.0,41.0,,42.0
Tunisia,2013,41,77,45.0,,38.0,42.0,41.0,,46.0
Tunisia,2012,41,75,40.0,,38.0,42.0,50.0,,42.0
Turkey,2023,34,115,,26.0,37.0,47.0,32.0,,36.0
Turkey,2022,36,101,,26.0,37.0,47.0,32.0,,43.0
Turkey,2021,38,96,,26.0,37.0,47.0,37.0,,61.0
Turkey,2020,40,86,,26.0,37.0,47.0,41.0,,57.0
Turkey,2019,39,91,,26.0,37.0,47.0,41.0,,57.0
Turkey,2018,41,78,,26.0,37.0,47.0,41.0,,55.0
Turkey,2017,40,81,,35.0,37.0,47.0,41.0,,
Turkey,2016,41,75,,33.0,37.0,47.0,41.0,,49.0
Turkey,2015,42,66,,41.0,38.0,42.0,41.0,,53.0
Turkey,2014,45,64,,57.0,38.0,42.0,35.0,,47.0
Turkey,2013,50,53,,57.0,38.0,52.0,41.0,,49.0
Turkey,2012,49,54,,49.0,38.0,52.0,41.0,,50.0
Turkmenistan,2023,18,170,,,20.0,22.0,,,
Turkmenistan,2022,19,167,,,20.0,22.0,,,
Turkmenistan,2021,19,169,,,20.0,22.0,,,
Turkmenistan,2020,19,165,,,20.0,22.0,,,
Turkmenistan,2019,19,165,,,20.0,22.0,,,
Turkmenistan,2018,20,161,,,20.0,22.0,,,
Turkmenistan,2017,19,167,,,20.0,22.0,,,
Turkmenistan,2016,22,154,,,19.0,22.0,,,
Turkmenistan,2015,18,154,,,21.0,11.0,,,
Turkmenistan,2014,17,169,,,,11.0,,,
Turkmenistan,2013,17,168,,,,11.0,,,
Turkmenistan,2012,17,170,,,,11.0,,,
Uganda,2023,26,141,27.0,,37.0,22.0,24.0,27.0,
Uganda,2022,26,142,24.0,,37.0,22.0,24.0,27.0,
Uganda,2021,27,144,24.0,,37.0,22.0,25.0,27.0,32.0
Uganda,2020,27,142,29.0,,37.0,22.0,24.0,27.0,29.0
Uganda,2019,28,137,29.0,,37.0,22.0,24.0,27.0,29.0
Uganda,2018,26,149,27.0,,37.0,22.0,24.0,18.0,23.0
Uganda,2017,26,151,27.0,,37.0,22.0,24.0,18.0,25.0
Uganda,2016,25,151,26.0,,37.0,22.0,24.0,13.0,27.0
Uganda,2015,25,139,32.0,,38.0,22.0,21.0,12.0,28.0
Uganda,2014,26,142,30.0,,38.0,22.0,21.0,12.0,27.0
Uganda,2013,26,140,35.0,,38.0,22.0,21.0,12.0,20.0
Uganda,2012,29,130,32.0,,38.0,22.0,31.0,23.0,24.0
Ukraine,2023,36,104,,,20.0,35.0,39.0,,43.0
Ukraine,2022,33,116,,,20.0,35.0,41.0,,35.0
Ukraine,2021,32,122,,,20.0,35.0,43.0,,26.0
Ukraine,2020,33,117,,,20.0,35.0,41.0,,30.0
Ukraine,2019,30,126,,,20.0,22.0,36.0,,30.0
Ukraine,2018,32,120,,,20.0,35.0,32.0,,34.0
Ukraine,2017,30,130,,,20.0,22.0,32.0,,29.0
Ukraine,2016,29,131,,,19.0,34.0,24.0,,27.0
Ukraine,2015,27,130,,,21.0,32.0,21.0,,28.0
Ukraine,2014,26,142,,,21.0,32.0,21.0,,31.0
Ukraine,2013,25,144,,,21.0,32.0,21.0,,24.0
Ukraine,2012,26,144,,,21.0,32.0,31.0,,29.0
United Arab Emirates,2023,68,26,,,72.0,59.0,65.0,,
United Arab Emirates,2022,67,27,,,72.0,47.0,67.0,,
United Arab Emirates,2021,69,24,,,72.0,47.0,64.0,,84.0
United Arab Emirates,2020,71,21,,,72.0,47.0,67.0,,89.0
United Arab Emirates,2019,71,21,,,72.0,47.0,67.0,,89.0
United Arab Emirates,2018,70,23,,,72.0,47.0,67.0,,87.0
United Arab Emirates,2017,71,21,,,72.0,47.0,67.0,,95.0
United Arab Emirates,2016,66,24,,,54.0,47.0,67.0,,86.0
United Arab Emirates,2015,70,23,,,54.0,73.0,69.0,,91.0
United Arab Emirates,2014,70,26,,,54.0,73.0,60.0,,91.0
United Arab Emirates,2013,69,26,,,54.0,73.0,60.0,,87.0
United Arab Emirates,2012,68,27,,,54.0,73.0,60.0,,86.0
United Kingdom,2023,71,20,,70.0,72.0,71.0,74.0,,55.0
United Kingdom,2022,73,18,,70.0,72.0,71.0,84.0,,72.0
United Kingdom,2021,78,11,,79.0,90.0,71.0,85.0,,76.0
United Kingdom,2020,77,11,,79.0,90.0,71.0,85.0,,58.0
United Kingdom,2019,77,12,,79.0,90.0,71.0,85.0,,58.0
United Kingdom,2018,80,11,,79.0,90.0,71.0,85.0,,78.0
United Kingdom,2017,82,8,,79.0,90.0,83.0,85.0,,80.0
United Kingdom,2016,81,10,,80.0,90.0,71.0,85.0,,80.0
United Kingdom,2015,81,11,,73.0,88.0,73.0,89.0,,82.0
United Kingdom,2014,78,14,,73.0,88.0,73.0,79.0,,81.0
United Kingdom,2013,76,14,,73.0,71.0,73.0,79.0,,81.0
United Kingdom,2012,74,17,,73.0,71.0,73.0,69.0,,81.0
United States of America,2023,69,24,,70.0,90.0,71.0,67.0,,59.0
United States of America,2022,69,24,,70.0,90.0,71.0,67.0,,64.0
United States of America,2021,67,27,,62.0,90.0,71.0,67.0,,54.0
United States of America,2020,67,25,,62.0,90.0,71.0,72.0,,53.0
United States of America,2019,69,23,,70.0,90.0,71.0,76.0,,53.0
United States of America,2018,71,22,,70.0,90.0,71.0,76.0,,64.0
United States of America,2017,75,16,,88.0,90.0,71.0,76.0,,71.0
United States of America,2016,74,18,,90.0,90.0,71.0,76.0,,65.0
United States of America,2015,76,16,,89.0,88.0,73.0,79.0,,69.0
United States of America,2014,74,17,,89.0,88.0,73.0,60.0,,63.0
United States of America,2013,73,19,,89.0,88.0,73.0,69.0,,64.0
United States of America,2012,73,19,,89.0,88.0,73.0,69.0,,64.0
Uruguay,2023,73,16,,,72.0,71.0,76.0,,70.0
Uruguay,2022,74,14,,,72.0,71.0,76.0,,77.0
Uruguay,2021,73,18,,,72.0,71.0,76.0,,72.0
Uruguay,2020,71,21,,,72.0,59.0,76.0,,66.0
Uruguay,2019,71,21,,,72.0,59.0,76.0,,66.0
Uruguay,2018,70,23,,,72.0,59.0,76.0,,60.0
Uruguay,2017,70,23,,,72.0,59.0,76.0,,61.0
Uruguay,2016,71,21,,,72.0,59.0,76.0,,68.0
Uruguay,2015,74,21,,,71.0,73.0,79.0,,71.0
Uruguay,2014,73,21,,,71.0,73.0,69.0,,75.0
Uruguay,2013,73,19,,,71.0,73.0,69.0,,72.0
Uruguay,2012,72,20,,,71.0,73.0,69.0,,69.0
Uzbekistan,2023,33,121,,,20.0,35.0,48.0,35.0,49.0
Uzbekistan,2022,31,126,,,20.0,35.0,41.0,35.0,
Uzbekistan,2021,28,140,,,20.0,35.0,,27.0,
Uzbekistan,2020,26,146,,,20.0,22.0,,27.0,
Uzbekistan,2019,25,153,,,20.0,22.0,,27.0,
Uzbekistan,2018,23,158,,,20.0,22.0,,18.0,
Uzbekistan,2017,22,157,,,20.0,22.0,,18.0,
Uzbekistan,2016,21,156,,,19.0,22.0,,13.0,
Uzbekistan,2015,19,153,,,21.0,11.0,,12.0,
Uzbekistan,2014,18,166,,,21.0,11.0,,12.0,
Uzbekistan,2013,17,168,,,21.0,11.0,,12.0,
Uzbekistan,2012,17,170,,,21.0,11.0,,12.0,
Vanuatu,2023,48,61,,,,47.0,,43.0,
Vanuatu,2022,48,60,,,,47.0,,43.0,
Vanuatu,2021,45,66,,,,47.0,,35.0,
Vanuatu,2020,43,75,,,,47.0,,35.0,
Vanuatu,2019,46,64,,,,47.0,,35.0,
Vanuatu,2018,46,64,,,,47.0,,35.0,
Vanuatu,2017,43,71,,,,47.0,,35.0,
Venezuela,2023,13,177,,,20.0,10.0,13.0,,16.0
Venezuela,2022,14,177,,,20.0,10.0,15.0,,13.0
Venezuela,2021,14,177,,,20.0,10.0,15.0,,13.0
Venezuela,2020,15,176,,,20.0,10.0,15.0,,16.0
Venezuela,2019,16,173,,,20.0,10.0,15.0,,16.0
Venezuela,2018,18,168,,,20.0,10.0,15.0,,10.0
Venezuela,2017,18,169,,,20.0,22.0,15.0,,10.0
Venezuela,2016,17,166,,,19.0,22.0,15.0,,13.0
Venezuela,2015,17,158,,,21.0,22.0,12.0,,21.0
Venezuela,2014,19,161,,,21.0,22.0,12.0,,14.0
Venezuela,2013,20,160,,,21.0,22.0,12.0,,13.0
Venezuela,2012,19,165,,,21.0,22.0,12.0,,14.0
Vietnam,2023,41,83,,,37.0,47.0,37.0,,51.0
Vietnam,2022,42,77,,,37.0,47.0,41.0,,55.0
Vietnam,2021,39,87,,,37.0,47.0,41.0,,39.0
Vietnam,2020,36,104,,,20.0,47.0,41.0,,40.0
Vietnam,2019,37,96,,,20.0,47.0,41.0,,40.0
Vietnam,2018,33,117,,,20.0,35.0,36.0,,32.0
Vietnam,2017,35,107,,,20.0,35.0,38.0,,35.0
Vietnam,2016,33,113,,,19.0,34.0,41.0,35.0,34.0
Vietnam,2015,31,111,,,21.0,22.0,41.0,35.0,37.0
Vietnam,2014,31,119,,,21.0,22.0,41.0,35.0,35.0
Vietnam,2013,31,116,,,21.0,22.0,41.0,35.0,36.0
Vietnam,2012,31,123,,,21.0,22.0,41.0,35.0,32.0
Yemen,2023,16,176,,,20.0,10.0,15.0,10.0,29.0
Yemen,2022,16,176,,,20.0,10.0,15.0,10.0,30.0
Yemen,2021,16,174,,,20.0,10.0,15.0,10.0,34.0
Yemen,2020,15,176,,,20.0,10.0,15.0,10.0,23.0
Yemen,2019,15,177,,,20.0,10.0,15.0,10.0,23.0
Yemen,2018,14,176,,,20.0,10.0,15.0,10.0,17.0
Yemen,2017,16,175,,,20.0,10.0,15.0,10.0,24.0
Yemen,2016,14,170,,,19.0,10.0,15.0,2.0,12.0
Yemen,2015,18,154,,,21.0,22.0,12.0,12.0,14.0
Yemen,2014,19,161,,,21.0,22.0,21.0,12.0,14.0
Yemen,2013,18,167,,,21.0,11.0,21.0,12.0,15.0
Yemen,2012,23,156,,,21.0,22.0,31.0,23.0,16.0
Zambia,2023,37,98,32.0,,37.0,47.0,32.0,27.0,
Zambia,2022,33,116,34.0,,37.0,35.0,32.0,27.0,30.0
Zambia,2021,33,117,34.0,,37.0,35.0,32.0,27.0,23.0
Zambia,2020,33,117,39.0,,37.0,35.0,36.0,27.0,26.0
Zambia,2019,34,113,39.0,,37.0,35.0,35.0,27.0,26.0
Zambia,2018,35,105,39.0,,37.0,35.0,32.0,35.0,25.0
Zambia,2017,37,96,39.0,,37.0,35.0,38.0,35.0,29.0
Zambia,2016,38,87,41.0,,37.0,34.0,41.0,35.0,31.0
Zambia,2015,38,76,50.0,,38.0,32.0,41.0,35.0,46.0
Zambia,2014,38,85,50.0,,38.0,32.0,41.0,35.0,44.0
Zambia,2013,38,83,50.0,,38.0,32.0,41.0,35.0,37.0
Zambia,2012,37,88,47.0,,38.0,32.0,50.0,23.0,35.0
Zimbabwe,2023,24,149,19.0,,37.0,22.0,15.0,27.0,31.0
Zimbabwe,2022,23,157,19.0,,37.0,22.0,15.0,27.0,
Zimbabwe,2021,23,157,19.0,,37.0,22.0,15.0,27.0,
Zimbabwe,2020,24,157,16.0,,37.0,22.0,15.0,27.0,31.0
Zimbabwe,2019,24,158,16.0,,37.0,22.0,15.0,27.0,31.0
Zimbabwe,2018,22,160,19.0,,37.0,22.0,15.0,18.0,29.0
Zimbabwe,2017,22,157,19.0,,37.0,22.0,15.0,18.0,27.0
Zimbabwe,2016,22,154,17.0,,37.0,22.0,15.0,13.0,30.0
Zimbabwe,2015,21,150,17.0,,38.0,22.0,12.0,0.0,38.0
Zimbabwe,2014,21,156,17.0,,38.0,22.0,12.0,0.0,34.0
Zimbabwe,2013,21,157,17.0,,38.0,22.0,12.0,0.0,36.0
Zimbabwe,2012,20,163,17.0,,38.0,22.0,12.0,0.0,36.0
